player_id,player_name,transfer_date,transfer_fee_adj,age_at_transfer,age_sq,market_value_lagged_adj,has_lagged_mv,goals_per_90,assists_per_90,sb_xg_per_90,sb_xa_per_90,total_minutes_window,has_statsbomb,contract_years_remaining,is_january_window,from_league_tier,to_league_tier,league_step,buying_club_avg_spend,position_Defender,position_Goalkeeper,position_Midfield,log_reddit_volume,recent_volume_14d,avg_hype_prob,avg_mkt_neg_prob,avg_perf_pos_prob,avg_perf_neg_prob,std_hype_prob,std_perf_neg_prob,wavg_hype_prob,wavg_mkt_neg_prob,wavg_perf_pos_prob,wavg_perf_neg_prob,momentum_hype,momentum_perf_pos,momentum_perf_neg,momentum_mkt_neg,image_url,url
132098,Harry Kane,2023-08-12,99750000.0,30.03969883641341,902.3835061824176,94500000.0,1,0.0,0.0,0.0,0.0,26,0,3.88227241615332,0,5.0,4.5,-0.5,37632887.29560826,False,False,False,11.494680024628876,42321.0,0.3267834704542727,0.1761857631538168,0.2908033673669623,0.2062274509282341,0.319443907113344,0.218503495810909,0.3400270067035775,0.1774056597959836,0.2827366059210274,0.1998299810192056,-0.0179127887200607,0.0096446447917958,0.0138397702300131,-0.0055715786034066,https://img.a.transfermarkt.technology/portrait/header/132098-1700211169.jpg?lm=1,https://www.transfermarkt.co.uk/harry-kane/profil/spieler/132098
14086,Ashley Young,2020-01-17,2066360.6250000005,34.5242984257358,1191.9271817892634,4862025.000000001,1,0.2654867256637168,0.0,0.0,0.0,339,0,5.0,1,5.0,4.5,-0.5,26495393.26093841,True,False,False,11.415202376441613,50141.0,0.1345344624387216,0.1159977844707373,0.3919709594956734,0.3574939206153669,0.2252197597666385,0.2266356195415573,0.1375718386148509,0.111862761172416,0.3989707237243989,0.3515921872690796,0.0148858295948238,-0.011990424069686,-0.0138072116780272,0.010911274883495,https://img.a.transfermarkt.technology/portrait/header/14086-1700736434.jpg?lm=1,https://www.transfermarkt.co.uk/ashley-young/profil/spieler/14086
357662,Declan Rice,2023-07-15,122430000.0,24.49828884325804,600.1661562477015,94500000.0,1,0.5,0.0,0.0,0.0,180,0,4.960985626283367,0,5.0,5.0,0.0,39447708.9258104,False,False,True,11.331583428289774,14169.0,0.3561679763623822,0.1959975998543468,0.2652948634564515,0.1825397190629334,0.3222782404625807,0.2087974300056674,0.3719523306277131,0.1956653313183408,0.2568554574829247,0.1755267541467522,-0.0720147604760419,0.049143302136472,0.0380589539313675,-0.015186370646878,https://img.a.transfermarkt.technology/portrait/header/357662-1687962936.jpg?lm=1,https://www.transfermarkt.co.uk/declan-rice/profil/spieler/357662
707447,Emiliano Martínez,2023-01-01,5250000.0,23.37577002053388,546.4266240528906,3675000.0,1,0.0,0.0,0.0,0.0,353,1,4.492813141683778,1,2.0,1.5,-0.5,2316111.882485352,False,False,True,11.277899091744246,41096.0,0.0686230885918274,0.055203695700406,0.4314967483658322,0.4446756230360413,0.1514372722338982,0.2212830091560843,0.0658426054315501,0.0543250571244558,0.4388496047251441,0.4409837803871936,-0.0037356301031893,0.0128146800569675,-0.0064138188210796,-0.0026667181028867,https://img.a.transfermarkt.technology/portrait/header/707447-1720681061.jpg?lm=1,https://www.transfermarkt.co.uk/emiliano-martinez/profil/spieler/707447
230784,Thomas Partey,2020-10-05,60775312.500000015,27.312799452429843,745.989013928652,48620250.00000001,1,0.0,0.0,0.0,0.0,199,0,4.733744010951403,0,5.0,5.0,0.0,41638551.36874147,False,False,True,11.229208853010284,50560.0,0.3912989890741485,0.2115989119771901,0.2361582928761933,0.1609420876677964,0.3235594826989185,0.2024160063971589,0.4052637478156167,0.2153673037983503,0.2228915775855177,0.1564746754779431,-0.0058048354387371,-0.0143371706463396,-0.0001514866345977,0.0202923621732236,https://img.a.transfermarkt.technology/portrait/header/230784-1668430877.jpg?lm=1,https://www.transfermarkt.co.uk/thomas-partey/profil/spieler/230784
341647,Cengiz Ünder,2022-07-01,12568500.0,24.9637234770705,623.1874898396408,24255000.0,1,0.3333333333333333,0.3333333333333333,0.0,0.0,270,0,4.996577686516085,0,4.5,4.0,-0.5,12066854.438295444,False,False,False,11.216942367479062,15861.0,0.1414629218285969,0.153088256904047,0.3511012760773134,0.3543471069401585,0.2232656304855869,0.2367331116897855,0.1483438402738571,0.1511208054455139,0.3532898911890061,0.347244161602372,0.029978348463197,-0.0135126988116157,-0.0371705057522352,0.0207052589958632,https://img.a.transfermarkt.technology/portrait/header/341647-1699812804.png?lm=1,https://www.transfermarkt.co.uk/cengiz-under/profil/spieler/341647
102226,Thorgan Hazard,2019-07-01,32545179.843750007,26.25598904859685,689.3769609200378,48498699.375000015,1,0.3529411764705882,0.3529411764705882,0.0,0.0,255,0,5.0,0,4.5,4.5,0.0,25166006.85835281,False,False,False,10.847101580059174,6812.0,0.2097749863757757,0.1141116431656608,0.391726149366445,0.2843869695703541,0.2853725677306462,0.2279036808218945,0.2215206324652282,0.1181415284879715,0.37694724122781,0.2833888517653142,-0.0193451454366901,0.0002323606062622,0.0074064129544598,0.0117029078198759,https://img.a.transfermarkt.technology/portrait/header/102226-1699906886.jpg?lm=1,https://www.transfermarkt.co.uk/thorgan-hazard/profil/spieler/102226
309400,Kai Havertz,2023-07-01,78750000.0,24.05475701574264,578.6313350864199,57750000.0,1,0.0,0.0,0.0,0.0,354,0,4.999315537303217,0,5.0,5.0,0.0,37454633.585411385,False,False,False,10.832299564963956,26081.0,0.2658898528888178,0.1805390648411537,0.3054362379204182,0.2481343802176867,0.3020951923070413,0.2381938782896246,0.279857050617201,0.1826340638413122,0.2978714723982333,0.2396369939476552,0.0053166433329606,-0.0008366794099985,-0.0143611344140859,0.0098818591374564,https://img.a.transfermarkt.technology/portrait/header/309400-1683903902.jpg?lm=1,https://www.transfermarkt.co.uk/kai-havertz/profil/spieler/309400
434675,Cody Gakpo,2023-01-01,44100000.0,23.655030800821358,559.560482187807,63000000.0,1,0.0,0.5084745762711864,0.109552019025974,1.948051948051948,177,1,5.0,1,3.0,5.0,2.0,41052227.92066313,False,False,False,10.72115060779364,25427.0,0.2482595403939159,0.1405854153269461,0.377881615392878,0.2332740953615232,0.2973919585444378,0.2098756369091576,0.2577970676237963,0.1447855623957558,0.3730004186941629,0.2244155401368346,0.0430738985317339,-0.0438166311153538,-0.0334227333219367,0.0341645974960296,https://img.a.transfermarkt.technology/portrait/header/434675-1682690965.jpg?lm=1,https://www.transfermarkt.co.uk/cody-gakpo/profil/spieler/434675
309400,Kai Havertz,2020-09-04,97240500.0,21.234770704996578,450.9154868937808,98456006.25,1,0.5,0.0,0.0,0.0,180,0,5.0,0,4.5,5.0,0.5,44488005.12020645,False,False,False,10.651170265744089,13415.0,0.3341670499708483,0.1461023968397923,0.33264734731423,0.1870838142796528,0.3281373107166814,0.190664366282156,0.3551145408211905,0.1474722135779389,0.3180914587551621,0.1793249367952309,-0.010082125181266,0.0106882505909833,-0.0016107018470258,0.0010030455670429,https://img.a.transfermarkt.technology/portrait/header/309400-1683903902.jpg?lm=1,https://www.transfermarkt.co.uk/kai-havertz/profil/spieler/309400
134425,Raheem Sterling,2022-07-13,61960500.0,27.59479808350445,761.4728812693809,77175000.0,1,0.0,2.647058823529412,0.0,0.0,34,0,2.8829568788501025,0,5.0,5.0,0.0,46598104.9153982,False,False,False,10.501252050663496,11958.0,0.2643110755777726,0.1354409367862445,0.3531457290397619,0.2471011945516756,0.3154178432299783,0.2257234411263654,0.2803916470523631,0.1354344456917471,0.3433631725735844,0.240809948946072,0.0183088980740068,-0.0206361821011031,-0.0172910291617145,0.0196188693726733,https://img.a.transfermarkt.technology/portrait/header/134425-1684165974.jpg?lm=1,https://www.transfermarkt.co.uk/raheem-sterling/profil/spieler/134425
61651,Jordan Henderson,2023-07-27,14700000.0,33.1088295687885,1096.1945954150838,10500000.0,1,0.0,0.0,0.0,0.0,33,0,2.926762491444216,0,5.0,2.0,-3.0,2690100.0,False,False,True,10.417238892218322,16954.0,0.2484359528966339,0.19560435206955,0.2872091258531411,0.268750560051875,0.2950785937099741,0.2463208629042168,0.2549655819734117,0.1798623411915503,0.3033916029234662,0.2617828310354867,0.0100513957150102,-0.0575201675650723,-0.0059859068677161,0.053452930349802,https://img.a.transfermarkt.technology/portrait/header/61651-1662621084.jpg?lm=1,https://www.transfermarkt.co.uk/jordan-henderson/profil/spieler/61651
69633,Christian Eriksen,2020-01-28,32818668.750000007,27.95345653661876,781.3957323446339,109395562.5,1,0.1367781155015197,0.1367781155015197,0.0,0.0,658,0,5.0,1,5.0,4.5,-0.5,24750462.35837138,False,False,True,10.306081877219272,7071.0,0.2043073484118347,0.1189577993241761,0.3575668498194732,0.3191687484739681,0.2907019326679656,0.2505779012901036,0.2131133723072321,0.1205775269773208,0.3545151498395509,0.3117939472734428,0.0340673624804002,-0.0212076787620042,-0.0392553367178391,0.0263936791025071,https://img.a.transfermarkt.technology/portrait/header/69633-1718628122.jpg?lm=1,https://www.transfermarkt.co.uk/christian-eriksen/profil/spieler/69633
40433,Alexis Sánchez,2018-01-22,45563251.781250015,29.09240246406571,846.3678811311767,93806694.84375004,1,0.5154639175257731,0.1030927835051546,0.2330632711956521,0.9782608695652176,873,1,5.0,1,5.0,5.0,0.0,62572342.64896617,False,False,False,10.264408469559651,24645.0,0.3269621299829806,0.1659489350722422,0.2908275180924608,0.2162594329225589,0.3278795899154784,0.2246201795467592,0.3395305800586647,0.1627108597616527,0.2844637148721857,0.2132896151231059,0.0118201000529138,-0.0137815463483824,-0.007859643213376,0.0098208344612862,https://img.a.transfermarkt.technology/portrait/header/40433-1660118147.jpg?lm=1,https://www.transfermarkt.co.uk/alexis-sanchez/profil/spieler/40433
537860,Mykhaylo Mudryk,2023-01-15,73500000.0,22.026009582477755,485.14509812740187,42000000.0,1,1.0,0.0,0.0,0.0,180,0,5.0,1,2.0,5.0,3.0,47196004.23741224,False,False,False,10.25185306860372,12337.0,0.3779699597924499,0.2294086370941375,0.2281381204906277,0.164480672892715,0.3134156645249482,0.2060235117062691,0.3814126412844383,0.2252331599797627,0.228460267383022,0.1648909892525322,-0.0160231921306162,-0.0216329344664347,0.0079107162786221,0.0297463098198711,https://img.a.transfermarkt.technology/portrait/header/537860-1732822624.jpg?lm=1,https://www.transfermarkt.co.uk/mykhaylo-mudryk/profil/spieler/537860
170527,Timo Werner,2020-07-01,64421831.250000015,24.32032854209445,591.4783803954142,77792400.00000001,1,0.8322324966974901,0.11889035667107,0.0383587583333333,0.0,757,1,4.996577686516085,0,4.5,5.0,0.5,42830539.90386158,False,False,False,10.225281154616678,8165.0,0.2868481285872505,0.1376028558298951,0.3674070427336614,0.2081374286987442,0.3141786139180536,0.1962303126708346,0.3050938675758902,0.1432973412940069,0.351556025950155,0.2000491454850112,-0.0413776426547141,0.0257139073800217,0.0264285350930931,-0.0107562069029178,https://img.a.transfermarkt.technology/portrait/header/170527-1663686137.jpg?lm=1,https://www.transfermarkt.co.uk/timo-werner/profil/spieler/170527
111455,Granit Xhaka,2023-07-06,15750000.0,30.770704996577688,946.8362859864112,21000000.0,1,0.625,0.0,0.0537799097093023,2.6162790697674416,288,1,4.985626283367557,0,5.0,4.5,-0.5,16605278.473583588,False,False,True,10.203999469426009,7383.0,0.2093889795025822,0.1138870888928579,0.378725694630244,0.2979986472555285,0.2910827422384819,0.230473992876561,0.2125263848772689,0.1123841192582195,0.3796995504446496,0.295390924634203,0.0246548951643905,-0.0113329594738485,-0.0231709626543967,0.0098521172344467,https://img.a.transfermarkt.technology/portrait/header/111455-1689711080.jpg?lm=1,https://www.transfermarkt.co.uk/granit-xhaka/profil/spieler/111455
125781,Antoine Griezmann,2019-07-14,153153787.50000003,28.314852840520192,801.7308913803143,165916603.12500006,1,0.0,0.0,0.0,0.0,90,0,5.0,0,5.0,5.0,0.0,57967490.185168825,False,False,False,10.197164122035575,7877.0,0.3374615120850428,0.1598745878045123,0.2904902959948888,0.2121750251350809,0.3341076938423711,0.2260688415848893,0.352713914525008,0.1631043178543867,0.2768713586608481,0.2073121946756563,-0.0289248062650117,-0.0083147052502019,0.0070956042828198,0.0301444674146606,https://img.a.transfermarkt.technology/portrait/header/125781-1719928503.jpg?lm=1,https://www.transfermarkt.co.uk/antoine-griezmann/profil/spieler/125781
581678,Jude Bellingham,2023-07-01,118650000.0,20.005475701574262,400.2190580462784,126000000.0,1,1.5,0.0,0.0,0.0,180,0,5.0,0,4.5,5.0,0.5,38477543.40779411,False,False,True,10.162654403026997,5748.0,0.3387609232463739,0.1778339469004126,0.2939632007747838,0.1894402638650415,0.3220534802192688,0.2056620706320577,0.3463972470178734,0.1750677503513483,0.2925189219834866,0.1860140900404778,-0.0133167594879029,0.0016803090283032,-0.0070265832966729,0.0186686258248661,https://img.a.transfermarkt.technology/portrait/header/581678-1693987944.jpg?lm=1,https://www.transfermarkt.co.uk/jude-bellingham/profil/spieler/581678
144028,Leandro Trossard,2023-01-20,25200000.0,28.128678986995208,791.2225815534258,31500000.0,1,0.0,0.0,0.0,0.7407407407407407,144,1,3.4414784394250515,1,5.0,5.0,0.0,40500405.84964661,False,False,False,10.09203965908072,6415.0,0.2079722221911908,0.0917928159308485,0.46287538611453,0.2373610849612306,0.2682045544205513,0.2043550289033992,0.2050009723096066,0.0998079463056786,0.4355291461217961,0.2596635760705378,0.0840238269836404,-0.1510062210849819,-0.0076493463212861,0.0746295812693931,https://img.a.transfermarkt.technology/portrait/header/144028-1702412939.jpg?lm=1,https://www.transfermarkt.co.uk/leandro-trossard/profil/spieler/144028
72522,Luuk de Jong,2022-07-02,3307500.0,31.8466803559206,1014.2110496921792,4410000.0,1,0.0,0.0,0.0,0.0,25,0,2.9952087611225187,0,5.0,3.0,-2.0,6810326.381237697,False,False,False,9.967353972864542,7075.0,0.3921954967993734,0.2001139075975948,0.2355055414900031,0.172183490870918,0.3329286591788522,0.2110683437157061,0.4084879235159456,0.1985930277287521,0.2283584672103408,0.1645597664285374,0.031384484165422,-0.0272063454286901,-0.0199549700697916,0.0157751319980461,https://img.a.transfermarkt.technology/portrait/header/72522-1682332002.jpg?lm=1,https://www.transfermarkt.co.uk/luuk-de-jong/profil/spieler/72522
315779,Christian Pulisic,2023-07-13,21840000.0,24.815879534565365,615.8278770740601,26250000.0,1,0.0,0.0,0.0,0.0,33,0,3.9644079397672822,0,5.0,4.5,-0.5,19415544.9520993,False,False,False,9.965193941972109,6989.0,0.2163064505830659,0.1467112964057707,0.3371296370105665,0.2998550663589758,0.2881260351178796,0.2424979046587956,0.2239322388380253,0.1441474671983856,0.3425304417285636,0.2893945778518173,0.0154594613232136,-0.0086673706139158,-0.0194076106551815,0.0126147174013614,https://img.a.transfermarkt.technology/portrait/header/315779-1691696699.jpg?lm=1,https://www.transfermarkt.co.uk/christian-pulisic/profil/spieler/315779
234509,André Onana,2023-07-20,52710000.0,27.29637234770705,745.091943344666,36750000.0,1,0.0,0.0,0.0,0.0,270,0,4.947296372347707,0,4.5,5.0,0.5,62426221.80266096,False,True,False,9.95759687818316,7850.0,0.3752016444529459,0.1728264983614788,0.2596097393866192,0.1923622791614996,0.3367811403063548,0.2212897520590261,0.3919172153583037,0.1723492374228381,0.2520445364119383,0.183689955544691,-0.04322106237971,0.0371473082301329,0.0146663656675397,-0.0085948716929253,https://img.a.transfermarkt.technology/portrait/header/234509-1686929812.jpg?lm=1,https://www.transfermarkt.co.uk/andre-onana/profil/spieler/234509
357498,Dušan Vlahović,2022-01-28,92058750.0,22.001368925393567,484.0602345912737,77175000.0,1,0.9038737446197992,0.2582496413199426,0.0,0.0,697,0,4.418891170431212,1,4.5,4.5,0.0,29977147.161243018,False,False,False,9.921867599817558,8576.0,0.3811892644763285,0.1842842985966888,0.2536907973216922,0.1808338646568032,0.3337242090751434,0.2105233784606634,0.3832045744639486,0.1836008630076371,0.2543588914062931,0.1788309717591714,0.0027633393798008,-0.0224221467614555,-0.002872822088938,0.0225304673334869,https://img.a.transfermarkt.technology/portrait/header/357498-1683293071.jpg?lm=1,https://www.transfermarkt.co.uk/dusan-vlahovic/profil/spieler/357498
72522,Luuk de Jong,2019-07-01,15953519.531250004,28.843258042436688,831.9335345025887,15315378.750000004,1,0.0,0.5,0.0,0.0,180,0,5.0,0,3.0,5.0,2.0,15900048.73305052,False,False,False,9.854874872615436,3086.0,0.2552650549780978,0.1268497713344303,0.3709402313632915,0.246945971591579,0.305977202881417,0.2197950294462442,0.2690770083868836,0.131414023595065,0.3544046739795199,0.2451025910142945,0.0457132563986654,-0.0239096510490953,-0.0370618941844441,0.0152534844263706,https://img.a.transfermarkt.technology/portrait/header/72522-1682332002.jpg?lm=1,https://www.transfermarkt.co.uk/luuk-de-jong/profil/spieler/72522
80444,Philippe Coutinho,2018-01-08,180912911.48437503,25.57426420260096,654.0429895044368,120608607.65625004,1,0.8440797186400937,0.5275498241500586,0.0,0.0,853,0,5.0,1,5.0,5.0,0.0,40455500.27990165,False,False,True,9.823740634445873,18466.0,0.3284913780603251,0.17717895210338,0.2827057654067727,0.2116242190501187,0.3198500096794189,0.2230160738547691,0.3318520077388745,0.1743489524353888,0.2829282745873303,0.210871631234934,0.0,0.0,0.0,0.0,https://img.a.transfermarkt.technology/portrait/header/80444-1640621762.jpg?lm=1,https://www.transfermarkt.co.uk/philippe-coutinho/profil/spieler/80444
257462,Luka Jović,2019-07-01,28512130.106250007,21.51950718685832,463.0891895652467,76576893.75000001,1,0.627906976744186,0.0,0.0,0.0,430,0,5.0,0,3.0,4.5,1.5,4855548.991615138,False,False,False,9.8230364281385,2217.0,0.3067862429489891,0.1239597173988583,0.3654737733524549,0.2037794476685172,0.3209590469244726,0.194814720974039,0.3255950796824677,0.1307653440520162,0.3442781913312429,0.1993585241034332,-0.0496538981374123,0.0281977536618098,0.0144076083193041,0.0070423310643221,https://img.a.transfermarkt.technology/portrait/header/257462-1657519856.jpg?lm=1,https://www.transfermarkt.co.uk/luka-jovic/profil/spieler/257462
190685,Bouna Sarr,2020-10-05,9724050.000000002,28.67898699520876,822.4842950713531,10939556.250000002,1,0.0,0.0,0.0,0.0,75,0,0.4928131416837782,0,4.0,4.5,0.5,36315564.4754302,True,False,False,9.809890903798545,10957.0,0.4048696030319954,0.1966365216827225,0.2397935545996941,0.1586995932287681,0.3256384904465453,0.1938787365642255,0.408237980277655,0.1917883373541247,0.2436008321700198,0.1563702980627071,0.002807158501549,-0.0127219705942851,-0.0017241267267691,0.011641513568804,https://img.a.transfermarkt.technology/portrait/header/190685-1667830340.jpg?lm=1,https://www.transfermarkt.co.uk/bouna-sarr/profil/spieler/190685
257462,Luka Jović,2019-07-02,80405738.43750003,21.522245037645447,463.2070314604541,76576893.75000001,1,0.5294117647058824,0.0,0.0,0.0,340,0,5.0,0,4.5,5.0,0.5,33401912.516310144,False,False,False,9.8011225458581,2088.0,0.3088715727135249,0.1251130974379258,0.3637877191551926,0.2022272117486695,0.321303864885494,0.1942485900622567,0.3292387873364351,0.1314224541639478,0.3422485537634083,0.1970876973746647,-0.0424730423599934,0.0293390243514618,0.0088555098299942,0.0042732636367044,https://img.a.transfermarkt.technology/portrait/header/257462-1657519856.jpg?lm=1,https://www.transfermarkt.co.uk/luka-jovic/profil/spieler/257462
424015,Nathan Patterson,2022-01-04,15435000.0,20.21902806297057,408.8090958111914,3307500.0,1,0.0,0.0,0.0,0.0,252,0,5.0,1,2.0,5.0,3.0,21473780.99440255,True,False,False,9.800125039540974,6576.0,0.0926312505025628,0.0621677044391764,0.5478508446135282,0.2973480704751476,0.1708105521116904,0.1832373266122241,0.1003179475498702,0.0693694336621282,0.5170514124166551,0.3132600415339179,-0.004892787024196,0.0324059330547031,-0.0212506712902639,-0.0062641211817286,https://img.a.transfermarkt.technology/portrait/header/424015-1736161412.jpg?lm=1,https://www.transfermarkt.co.uk/nathan-patterson/profil/spieler/424015
342229,Kylian Mbappé,2018-07-01,241217215.3125001,19.52908966461328,381.3853431285051,160811476.87500006,1,0.0,0.0,0.3998582628205128,1.0256410256410258,96,1,5.0,0,4.0,4.0,0.0,28307736.740905464,False,False,False,9.792779430551706,7163.0,0.1706565821136847,0.0867251971643849,0.4606211526509883,0.2820029773039904,0.2485677025189296,0.2128044046322959,0.1644407467823707,0.0889587336143021,0.4532432577960406,0.2933673364593027,-0.0465447163842459,0.0062230111746989,0.0579505276554079,-0.017630902602637,https://img.a.transfermarkt.technology/portrait/header/342229-1682683695.jpg?lm=1,https://www.transfermarkt.co.uk/kylian-mbappe/profil/spieler/342229
326031,Matthijs de Ligt,2022-07-19,73867500.0,22.93497604380561,526.0131261299373,77175000.0,1,0.0,0.0,0.0,0.0,90,0,5.0,0,4.5,4.5,0.0,33982764.05212373,True,False,False,9.768755439335086,8524.0,0.3865927298891011,0.1928362612293792,0.2470218437134585,0.1735500360138152,0.3317432597633926,0.2085255648692744,0.4060727631791302,0.19138183747739,0.2391095670250757,0.1634380193511159,0.0084132006494254,-0.0080828179992412,-0.0117325556159531,0.011405964428334,https://img.a.transfermarkt.technology/portrait/header/326031-1700659567.jpg?lm=1,https://www.transfermarkt.co.uk/matthijs-de-ligt/profil/spieler/326031
231572,Nélson Semedo,2020-09-23,38896200.00000001,26.85284052019165,721.0750440028464,48620250.00000001,1,0.0,0.0,0.0,0.0,180,0,4.766598220396989,0,5.0,5.0,0.0,22873093.411218755,True,False,False,9.745897631961356,4320.0,0.1646303617793056,0.0956776299689041,0.4053566851228194,0.3343333555999883,0.2565878252882225,0.2430681209669601,0.1724810758348364,0.0961311798566112,0.395770123600873,0.3356144154945188,0.0997784897735869,-0.0685565566805496,-0.0669529732034315,0.0357286507606016,https://img.a.transfermarkt.technology/portrait/header/231572-1684487147.jpg?lm=1,https://www.transfermarkt.co.uk/nelson-semedo/profil/spieler/231572
413112,Aurélien Tchouaméni,2022-07-01,88200000.0,22.42573579739904,502.9136260547448,66150000.0,1,0.6666666666666667,0.3333333333333333,0.0,0.0,270,0,5.0,0,4.0,5.0,1.0,37208703.93207012,False,False,True,9.67570827281739,1383.0,0.3712320171458006,0.1580563704222674,0.3073079495751876,0.1634018701286854,0.3289197617102509,0.1811018848878586,0.3888312698795912,0.1605604797722037,0.2942903380786419,0.1563143478292378,-0.0176547281023658,-0.0134300714343705,-0.0147044742247402,0.0457952811369843,https://img.a.transfermarkt.technology/portrait/header/413112-1668500754.jpg?lm=1,https://www.transfermarkt.co.uk/aurelien-tchouameni/profil/spieler/413112
412513,Thomas Henry,2021-08-24,6366937.500000001,26.92676249144421,725.050538270647,5788125.000000001,1,0.75,0.0,0.0,0.0,360,0,3.8494182067077354,0,2.5,4.5,2.0,0.0,False,False,False,9.668903811079362,6119.0,0.1034630824109128,0.0849615809603467,0.4887750672278109,0.3228003116069117,0.1786586885448865,0.1984204902758343,0.1050264692651417,0.0850376721999556,0.4782498829473638,0.3316853922695307,0.001048386797165,0.0157381928119985,-0.016263566816974,-0.000523070583632,https://img.a.transfermarkt.technology/portrait/header/412513-1663671645.jpg?lm=1,https://www.transfermarkt.co.uk/thomas-henry/profil/spieler/412513
82442,Olivier Giroud,2021-07-17,5556600.000000001,34.79534565366188,1210.7160791578065,4630500.000000001,1,0.0,0.0,0.4107852825688073,0.4128440366972477,1,1,4.457221081451061,0,5.0,4.5,-0.5,23709217.788713284,False,False,False,9.66256183142612,2209.0,0.1624210243834303,0.0811637975017161,0.4085072090647455,0.3479076265841258,0.2621302055320185,0.2426713575067237,0.1622889391596379,0.07937800297806,0.4094745961602579,0.3488572344317744,0.0224730728510719,-0.0346080626561878,-0.0158383971196789,0.0279728504043994,https://img.a.transfermarkt.technology/portrait/header/82442-1661514565.jpg?lm=1,https://www.transfermarkt.co.uk/olivier-giroud/profil/spieler/82442
80444,Philippe Coutinho,2022-07-01,22050000.0,30.050650239561943,903.0415798204842,22050000.0,1,0.3448275862068965,0.0,0.0,0.0,261,0,2.9979466119096507,0,5.0,5.0,0.0,13550986.743550671,False,False,True,9.629576884168266,1898.0,0.2651484565887883,0.1819231413741346,0.3384114331478526,0.214518080160934,0.2930322204695946,0.2178217462295241,0.2724944374739569,0.1936134545144191,0.3145357215516005,0.2193559046291313,0.0155348036063338,-0.1018840193585637,0.0045231914708514,0.0818256466052968,https://img.a.transfermarkt.technology/portrait/header/80444-1640621762.jpg?lm=1,https://www.transfermarkt.co.uk/philippe-coutinho/profil/spieler/80444
534033,Alexis Mac Allister,2023-07-01,44100000.0,24.517453798767967,601.1055407747218,68250000.0,1,0.3448275862068965,0.1724137931034482,0.0,0.0,522,0,4.999315537303217,0,5.0,5.0,0.0,41204616.52462997,False,False,True,9.627799924932717,2347.0,0.323436021867634,0.1391680409628726,0.3607862731370687,0.1766067215890595,0.3217699662740814,0.1831682400101116,0.3518965426710717,0.1516018828833297,0.3237576996885051,0.1727437383272315,0.0018638136625142,-0.0271268869390549,0.0004651118487816,0.0247937458281937,https://img.a.transfermarkt.technology/portrait/header/534033-1669835342.jpg?lm=1,https://www.transfermarkt.co.uk/alexis-mac-allister/profil/spieler/534033
315779,Christian Pulisic,2019-01-02,81682020.00000003,20.290212183436,411.6927104488547,63814078.125000015,1,0.0,0.0,0.0,0.0,357,0,5.0,1,4.5,5.0,0.5,40157859.37862274,False,False,False,9.62211884214094,6623.0,0.218567157117076,0.1352490209910796,0.357622525953245,0.2885611539046875,0.2862151448472803,0.2330165455049894,0.2244720701659157,0.1371036376660724,0.3540580087064658,0.2843665154885955,0.0532164893214787,-0.0472397261339599,-0.0409442096283567,0.0349682116821242,https://img.a.transfermarkt.technology/portrait/header/315779-1691696699.jpg?lm=1,https://www.transfermarkt.co.uk/christian-pulisic/profil/spieler/315779
361104,Sergiño Dest,2020-10-01,25525631.250000004,19.90965092402464,396.3941999165152,21879112.500000004,1,0.0,0.0,0.0,0.0,74,0,5.0,0,3.0,5.0,2.0,60275433.39668912,True,False,False,9.621986339159427,11944.0,0.2460502376298578,0.1315027515483161,0.3698130500686286,0.2526377969353072,0.2989608015288126,0.2109465469805002,0.2611122754033494,0.1329951214416747,0.3646527580498981,0.2412441376566428,0.0008004464856344,-0.013355411344058,0.0040506199870966,0.0085049611921124,https://img.a.transfermarkt.technology/portrait/header/361104-1713981952.jpg?lm=1,https://www.transfermarkt.co.uk/sergino-dest/profil/spieler/361104
398073,Achraf Hakimi,2021-07-06,78718500.00000001,22.6694045174538,513.9019011759547,69457500.00000001,1,0.0,1.007462686567164,0.0,0.0,268,0,5.0,0,4.5,4.0,-0.5,43655267.48959568,True,False,False,9.601976972147812,3474.0,0.344681126781436,0.1650857476073459,0.306896286304716,0.1833367805117357,0.3284266493019453,0.1984966812440684,0.3515394926031145,0.1645915008840865,0.3035542112139971,0.1803145568398143,0.0507568045055575,-0.0378155988295939,-0.0302949793445974,0.0173484266618344,https://img.a.transfermarkt.technology/portrait/header/398073-1672304327.jpg?lm=1,https://www.transfermarkt.co.uk/achraf-hakimi/profil/spieler/398073
640428,Eduardo Camavinga,2021-08-31,35886375.00000001,18.806297056810404,353.6768089889957,63669375.00000001,1,0.0,0.0,0.0,0.0,171,0,5.0,0,4.0,5.0,1.0,37318898.00974263,False,False,True,9.598116617213265,4977.0,0.4290845161152196,0.1694491341888063,0.2501737732322933,0.1512924868949202,0.336923279723449,0.1845532426338225,0.4410859272828187,0.1672118772172002,0.2468438435061834,0.1448579996146858,-0.005037099291777,0.0014394949694032,-6.126215384233413e-06,0.0036021783380751,https://img.a.transfermarkt.technology/portrait/header/640428-1668500874.jpg?lm=1,https://www.transfermarkt.co.uk/eduardo-camavinga/profil/spieler/640428
167850,Memphis Depay,2023-01-20,3150000.0,28.933607118412045,837.1536208826242,21000000.0,1,0.0,0.0,0.2520545954502369,0.6398104265402843,75,1,0.4928131416837782,1,5.0,5.0,0.0,36203801.56070842,False,False,False,9.573593631275038,1394.0,0.1851498427199707,0.1017175195976377,0.3758641893023517,0.3372694265279511,0.2823069680331757,0.2438004430713544,0.1776390191282312,0.1004205863866328,0.3805003203031449,0.3414386626592155,0.159728905403439,-0.1403269982698435,-0.1137547930208588,0.0943528354168075,https://img.a.transfermarkt.technology/portrait/header/167850-1668167349.jpg?lm=1,https://www.transfermarkt.co.uk/memphis-depay/profil/spieler/167850
182711,Carlos Mané,2021-08-13,1157625.0000000002,27.42505133470226,752.1334407110543,1736437.5000000002,1,0.0,0.0,0.0,0.0,52,0,4.878850102669404,0,3.0,2.5,-0.5,701085.226754883,False,False,False,9.570529135214713,5892.0,0.1538111375024354,0.1079525471565238,0.4480211979759916,0.29021200094233,0.2360764848446442,0.2093037525176774,0.1632325192499543,0.1143669782814377,0.439635784705198,0.2827639807146283,-0.0230901540476864,0.0413442819588147,0.0028806438469002,-0.021134696345672,https://img.a.transfermarkt.technology/portrait/header/182711-1694080053.png?lm=1,https://www.transfermarkt.co.uk/carlos-mane/profil/spieler/182711
82442,Olivier Giroud,2018-01-31,22781625.890625007,31.33744010951403,982.0351526173788,26801912.812500007,1,0.7407407407407408,0.0,0.4107852825688073,0.4128440366972477,243,1,5.0,1,5.0,5.0,0.0,39110561.675900266,False,False,False,9.554284623436097,11472.0,0.2975004434720806,0.1392321037556458,0.3165316427558644,0.2467388030283165,0.3279388134392072,0.2348055846923006,0.324049415898372,0.1360294686303338,0.3076612988597431,0.2322619108445158,0.0332068671606011,-0.0292631025716624,-0.0164972616114088,0.012554610662518,https://img.a.transfermarkt.technology/portrait/header/82442-1661514565.jpg?lm=1,https://www.transfermarkt.co.uk/olivier-giroud/profil/spieler/82442
240306,Bruno Fernandes,2020-01-29,79007906.25000001,25.39082819986311,644.6941566749637,72930375.00000001,1,0.4,0.6000000000000001,0.0,0.0,900,0,5.0,1,3.0,5.0,2.0,63046166.15354795,False,False,True,9.502711433914095,4466.0,0.3616798158811517,0.1579937663261638,0.2842035433835794,0.1961229994297917,0.3401971932725612,0.2092253956346031,0.3901956099200077,0.1551582518983661,0.2654374999806607,0.1892066558503677,-0.0069606462063693,-0.0228803995274608,0.0079944428366357,0.0218453170673755,https://img.a.transfermarkt.technology/portrait/header/240306-1683882766.jpg?lm=1,https://www.transfermarkt.co.uk/bruno-fernandes/profil/spieler/240306
344381,Christopher Nkunku,2023-07-01,63000000.0,25.626283367556468,656.7063992343012,84000000.0,1,0.8806262230919765,0.7045009784735812,0.0,0.0,511,0,5.0,0,4.5,5.0,0.5,49620730.99651378,False,False,False,9.49822242443063,5297.0,0.2199543535642334,0.1337641146373427,0.4084601008583643,0.2378236001826065,0.2776019679847551,0.1965114017454973,0.2321317806068737,0.1344649367160556,0.3990232355695428,0.2343842559256436,-0.0057145096782668,0.0044946461995958,0.0024084645382112,-0.0011949299568742,https://img.a.transfermarkt.technology/portrait/header/344381-1663686834.jpg?lm=1,https://www.transfermarkt.co.uk/christopher-nkunku/profil/spieler/344381
255901,Rodrigo De Paul,2021-07-12,40516875.00000001,27.134839151266256,736.299495765092,43989750.00000001,1,0.0,0.0,0.0,0.0,158,0,4.966461327857632,0,4.5,5.0,0.5,42384855.68953285,False,False,True,9.42238253021922,3451.0,0.1974433958795635,0.0992548115266371,0.4177992325193258,0.2855006994798764,0.2759863032547937,0.2224316854789226,0.1977533615528455,0.0966538135042228,0.416857241133906,0.2887332415492554,-0.036869349755945,0.0345497711732746,0.0210005835052836,-0.0186768672267795,https://img.a.transfermarkt.technology/portrait/header/255901-1712816368.jpg?lm=1,https://www.transfermarkt.co.uk/rodrigo-de-paul/profil/spieler/255901
923831,Leny Yoro,2024-07-18,62000000.0,18.6776180698152,348.8534167618872,50000000.0,1,0.0,0.0,0.0,0.0,90,0,4.950034223134839,0,4.0,5.0,1.0,59385656.18423724,True,False,False,9.40894529884324,8430.0,0.4310946531786845,0.2095123283508841,0.2155860020082948,0.1438088671971086,0.3248034272944197,0.1904324176125275,0.4483526518330721,0.2088122738438263,0.2060054932140964,0.1368317754107303,-0.0137932371775399,-0.0039042794600691,0.0056960611202498,0.012000712537892,https://img.a.transfermarkt.technology/portrait/header/923831-1701768506.jpg?lm=1,https://www.transfermarkt.co.uk/leny-yoro/profil/spieler/923831
410425,Yves Bissouma,2022-07-01,32193000.0,25.83436002737851,667.4141580242125,38587500.0,1,0.0,0.4,0.0,0.0,225,0,3.997262149212868,0,5.0,5.0,0.0,30600903.155326396,False,False,True,9.402529747968488,4335.0,0.3115819338269508,0.1639665785274955,0.3130098523273584,0.2114432898856838,0.3205253935526531,0.2111205452627395,0.3305293043120924,0.1635154145124928,0.3063076024405952,0.1996489844077937,0.0158124350498221,0.0051978270779859,-0.0165304944811594,-0.0044833361625923,https://img.a.transfermarkt.technology/portrait/header/410425-1665607355.jpg?lm=1,https://www.transfermarkt.co.uk/yves-bissouma/profil/spieler/410425
315969,Scott McTominay,2024-08-30,30500000.0,27.72621492128679,768.7429938613863,32000000.0,1,0.0,0.0,0.0,0.0,49,0,3.8329911019849416,0,5.0,4.5,-0.5,20132218.48099325,False,False,True,9.3410176956178,3762.0,0.2647356275196084,0.1303912736491813,0.3332144522572777,0.2716539500940782,0.3248535956127301,0.2417302405227269,0.2904278008298145,0.1315114629437268,0.3265185469222962,0.2515402607604216,-0.0393598674680494,0.0089326022172319,0.040214266274999,-0.0097927265162826,https://img.a.transfermarkt.technology/portrait/header/315969-1718626681.jpg?lm=1,https://www.transfermarkt.co.uk/scott-mctominay/profil/spieler/315969
476701,Manuel Ugarte,2023-07-07,63000000.0,22.236824093086927,494.4763457468912,52500000.0,1,0.0,0.0,0.0,0.0,180,0,5.0,0,3.0,4.0,1.0,43536429.29804132,False,False,True,9.333707785926467,915.0,0.3857301822646167,0.2069827002885486,0.2507264462353654,0.1565582212666642,0.320908976857905,0.1905389011019384,0.3953556050112269,0.2027713890459434,0.2483036560277014,0.1535659907649306,-0.0227895284480183,0.0127324977830559,-0.0043925321630739,0.0144448419757955,https://img.a.transfermarkt.technology/portrait/header/476701-1715107512.jpg?lm=1,https://www.transfermarkt.co.uk/manuel-ugarte/profil/spieler/476701
260827,Joachim Andersen,2024-08-23,29500000.0,28.229979466119097,796.9317406575059,35000000.0,1,0.0,0.0,0.0289149523809523,0.4761904761904761,90,1,4.851471594798084,0,5.0,5.0,0.0,13474895.0,True,False,False,9.319912008405474,5462.0,0.1718471383839041,0.0654419463649065,0.5670209294676706,0.1956888027726252,0.2195710127983344,0.1443427440708354,0.1803439145115042,0.076653892450325,0.5304437935710147,0.212557358052533,0.0266317670749407,-0.0334383377714555,-0.0047442680294743,0.0115534828036494,https://img.a.transfermarkt.technology/portrait/header/260827-1668183482.jpg?lm=1,https://www.transfermarkt.co.uk/joachim-andersen/profil/spieler/260827
503733,Anthony Gordon,2023-01-29,47880000.0,21.927446954141,480.8129299266674,42000000.0,1,0.0,0.0,0.0,0.0,120,0,0.4928131416837782,1,5.0,5.0,0.0,22443311.867750183,False,False,False,9.307467082706903,4291.0,0.1608693750943859,0.1285667291342297,0.3714730518679294,0.3390950892644284,0.2485244321853484,0.2432569223648522,0.1699225024095478,0.1314486602293932,0.3608941106103844,0.3377398098984288,0.081211666315016,-0.0946598888306949,-0.0502782927507178,0.0637210173049925,https://img.a.transfermarkt.technology/portrait/header/503733-1660588736.jpg?lm=1,https://www.transfermarkt.co.uk/anthony-gordon/profil/spieler/503733
192565,Leroy Sané,2020-07-15,59559806.250000015,24.50924024640657,600.7028574560755,97240500.0,1,0.0,0.0,0.0,0.0,11,0,4.958247775496235,0,5.0,4.5,-0.5,33991140.297973216,False,False,False,9.29908358181057,3282.0,0.2170585575768809,0.1315898467607027,0.3829517617604865,0.268403267373844,0.2877124820048573,0.2263274906531776,0.2271423137594945,0.1335168796689634,0.3743493678061891,0.2649946382532363,0.000788836465567,-0.0115161116724709,-0.0055452107294997,0.0162708738022757,https://img.a.transfermarkt.technology/portrait/header/192565-1694587968.jpg?lm=1,https://www.transfermarkt.co.uk/leroy-sane/profil/spieler/192565
58864,Pierre-Emerick Aubameyang,2018-01-31,85431097.08984378,28.621492128678987,819.1898116720332,87106216.64062503,1,0.8,0.2,0.0,0.0,450,0,5.0,1,4.5,5.0,0.5,40281378.81491823,False,False,False,9.298168082341704,8806.0,0.4031632645199824,0.1504723658172532,0.2650890233283668,0.1812779506156762,0.3490277653656678,0.2116215771897291,0.43632791617067,0.1515561774225406,0.2396876987790938,0.1724315472060952,0.0035617575596897,-0.0035247923932378,-0.0042622033270345,0.0042246841816156,https://img.a.transfermarkt.technology/portrait/header/58864-1676029326.png?lm=1,https://www.transfermarkt.co.uk/pierre-emerick-aubameyang/profil/spieler/58864
128223,Álvaro Morata,2024-07-19,13000000.0,31.73716632443532,1007.2477263048712,16000000.0,1,0.0,4.5,0.1659657068980477,0.3904555314533623,20,1,1.5058179329226558,0,5.0,4.5,-0.5,19097120.793416083,False,False,False,9.29798488182823,6967.0,0.1224587052992271,0.092511323237714,0.3825901124109328,0.4024390048954501,0.2257247499742847,0.2546807493407512,0.124623029310096,0.0876838172691483,0.390172995215149,0.3975214102766804,-0.0097606911372136,-0.0030491651186755,0.0193453463554175,-0.0065346589394485,https://img.a.transfermarkt.technology/portrait/header/128223-1719989301.jpg?lm=1,https://www.transfermarkt.co.uk/alvaro-morata/profil/spieler/128223
102226,Thorgan Hazard,2023-09-06,4200000.0,30.439425051334705,926.5585974558226,7350000.0,1,0.0,0.0,0.0,0.0,6,0,2.8145106091718,0,4.5,2.5,-2.0,4220748.553689522,False,False,False,9.290998274993637,3067.0,0.1735115786827911,0.1634230625586532,0.3526192017615155,0.3104470393151548,0.2497527171787447,0.2458633774863106,0.1739295808096011,0.1671433794842881,0.349630406391079,0.3092960727821112,-0.0223933328288036,0.0166051923486376,0.0161176363185122,-0.0103296269086134,https://img.a.transfermarkt.technology/portrait/header/102226-1699906886.jpg?lm=1,https://www.transfermarkt.co.uk/thorgan-hazard/profil/spieler/102226
282411,Marcos Llorente,2019-07-01,38288446.87500001,24.41615331964408,596.1485429283665,25525631.250000007,1,0.0,0.0,0.0,0.0,90,0,5.0,0,5.0,5.0,0.0,33733604.51918248,False,False,True,9.286930974137896,2035.0,0.2108546799009958,0.100708002158479,0.4036638882713441,0.2847701566977985,0.2942891657272651,0.2259033006643719,0.2015939948713372,0.1041902312722643,0.4036248024536572,0.2905836572510992,0.1156736040453484,-0.1219708360216512,-0.0548392546431781,0.0611373807943868,https://img.a.transfermarkt.technology/portrait/header/282411-1684159821.jpg?lm=1,https://www.transfermarkt.co.uk/marcos-llorente/profil/spieler/282411
157509,Kurt Zouma,2021-08-28,40516875.00000001,26.836413415468854,720.1930850059568,37044000.00000001,1,0.0,0.0,0.0,0.0,66,0,3.838466803559206,0,5.0,5.0,0.0,22746984.540106647,True,False,False,9.264733855806517,4407.0,0.3406721979724026,0.1806067228091442,0.2762948036374502,0.2024275719566222,0.3241181473677432,0.2222298024174507,0.3529450782111122,0.1808169086210423,0.2733114282400691,0.1929273172942747,-0.0066541052727003,0.0015115123807896,-0.0030874198869833,0.008231236163597,https://img.a.transfermarkt.technology/portrait/header/157509-1647595996.jpg?lm=1,https://www.transfermarkt.co.uk/kurt-zouma/profil/spieler/157509
351749,Kalvin Phillips,2022-07-04,54022500.0,26.587268993839835,706.8828725507971,55125000.0,1,0.0,0.0,0.0,0.0,360,0,2.9897330595482545,0,5.0,5.0,0.0,52751281.00757514,False,False,True,9.258558944246657,2685.0,0.2898201909270196,0.1358446008334518,0.3399029921431065,0.2344316853179975,0.3224474728042307,0.2235786248143168,0.3097297202228772,0.1345540443012011,0.3306662680669399,0.2250511818682807,0.0529179396673014,-0.059273527597599,-0.0383805988353865,0.0447389196970925,https://img.a.transfermarkt.technology/portrait/header/351749-1661978510.jpg?lm=1,https://www.transfermarkt.co.uk/kalvin-phillips/profil/spieler/351749
470607,Brennan Johnson,2023-09-01,57750000.0,22.275154004106778,496.18248590667423,39900000.0,1,0.0,0.0,0.0,0.0,258,0,4.829568788501026,0,5.0,5.0,0.0,32499206.39804806,False,False,False,9.255982729854884,6654.0,0.1730372988195873,0.1113683983766164,0.4562074765862002,0.2593845347020495,0.2580778034790766,0.2050139795788262,0.1744824780609797,0.110860348285941,0.454481994051675,0.2601720493942214,0.0240068553140502,0.0010737077464291,-0.0323817971964064,0.0073024696442051,https://img.a.transfermarkt.technology/portrait/header/470607-1692959021.jpg?lm=1,https://www.transfermarkt.co.uk/brennan-johnson/profil/spieler/470607
282429,Sergio Reguilón,2020-09-19,36465187.50000001,23.75906913073237,564.49336595892,30387656.250000007,1,0.25,0.25,0.0,0.0,360,0,4.777549623545517,0,5.0,5.0,0.0,29396784.639371533,True,False,False,9.250426095515468,6172.0,0.3457187733954415,0.1738074469071548,0.2948660429031642,0.1856075619661652,0.3217800498796356,0.1994432081837621,0.3583516606201207,0.1708869066474324,0.2910614833478957,0.1797013736202808,0.0024851310339861,-0.0088965157630493,-0.0089605376199019,0.0153708938044572,https://img.a.transfermarkt.technology/portrait/header/282429-1705521655.jpg?lm=1,https://www.transfermarkt.co.uk/sergio-reguilon/profil/spieler/282429
478573,Ryan Gravenberch,2023-09-01,42000000.0,21.295003422313485,453.477170756343,31500000.0,1,0.0,0.0,0.0,0.0,9,0,4.829568788501026,0,4.5,5.0,0.5,41856188.282286935,False,False,True,9.235715678307413,7252.0,0.3399669986433246,0.1737733460067773,0.2728983035511606,0.2133603787831322,0.3294718418776773,0.2271698502496255,0.3510062373691472,0.1737258755009988,0.2678404499422664,0.2074276861278127,-0.0053945558674026,0.0029251570314399,-0.0030268118492126,0.0054971295207172,https://img.a.transfermarkt.technology/portrait/header/478573-1718097194.jpg?lm=1,https://www.transfermarkt.co.uk/ryan-gravenberch/profil/spieler/478573
353366,Benjamin Pavard,2023-08-30,32970000.0,27.42231348391513,751.9832768101134,42000000.0,1,0.0,0.0,0.0,0.0,45,0,4.8350444900752905,0,4.5,4.5,0.0,24328447.604008663,True,False,False,9.220686664030326,3578.0,0.3388186834902264,0.1749096247131112,0.2709131830814485,0.2153564490127903,0.3297198631647469,0.2272212175831642,0.343685154205488,0.1735531184549253,0.2695166037174962,0.2132407866291924,0.0020119536403829,-0.0409988478337925,-0.0075778136732506,0.046567378475046,https://img.a.transfermarkt.technology/portrait/header/353366-1713819215.jpg?lm=1,https://www.transfermarkt.co.uk/benjamin-pavard/profil/spieler/353366
44162,Miralem Pjanić,2020-09-01,72930375.00000001,30.417522245037645,925.22565952736,54697781.25000001,1,0.0,0.7219251336898397,0.3183480096774193,4.354838709677419,374,1,4.826830937713894,0,4.5,5.0,0.5,59431770.62313506,False,False,True,9.1838937219612,3269.0,0.1776707097474836,0.1277560588392444,0.416071890413602,0.2785043636125371,0.2514852547034594,0.213049930155813,0.1818724848295654,0.130237825694087,0.4111054887554273,0.2767869259242495,0.0012120023217713,0.0423495080864828,-0.0317314726376445,-0.0118326297859574,https://img.a.transfermarkt.technology/portrait/header/44162-1727362852.png?lm=1,https://www.transfermarkt.co.uk/miralem-pjanic/profil/spieler/44162
32467,Ivan Rakitic,2020-09-01,4254271.875000001,32.47912388774812,1054.8934885156905,24310125.000000004,1,0.0,0.2903225806451613,0.0057207782080924,0.7803468208092486,310,1,4.826830937713894,0,5.0,5.0,0.0,19026325.069650263,False,False,True,9.15324077993561,2882.0,0.2028212363514946,0.1267306599663456,0.3631572529503169,0.307293853937494,0.2827864208460374,0.2396729207853002,0.2164345831771415,0.1294024694539064,0.3562206807125687,0.2979440088800718,0.0642648509408926,-0.0548408560610175,-0.0480741025860799,0.0386485803463034,https://img.a.transfermarkt.technology/portrait/header/32467-1688726103.jpg?lm=1,https://www.transfermarkt.co.uk/ivan-rakitic/profil/spieler/32467
338285,Unai Núñez,2024-07-01,7000000.0,27.416837782340863,751.6829939831935,7000000.0,1,0.0,0.0,0.0,0.0,99,0,0.9965776865160848,0,5.0,5.0,0.0,5643590.467536037,True,False,False,9.153134898205405,1540.0,0.1202448750279483,0.1043196975787186,0.3771550644003308,0.398280879671791,0.2155619529212212,0.2447554821250419,0.1080072186238156,0.0976117536762217,0.3910309875370196,0.4033481626049953,-0.0122628513677096,0.0685495220745955,-0.038871473084116,-0.0174112530874189,https://img.a.transfermarkt.technology/portrait/header/338285-1620308088.jpg?lm=1,https://www.transfermarkt.co.uk/unai-nunez/profil/spieler/338285
462250,João Félix,2019-07-03,162343014.75000006,19.644079397672822,385.889855382074,89339709.37500003,1,0.7563025210084033,0.0,0.0,0.0,238,0,5.0,0,3.0,5.0,2.0,34239698.11427332,False,False,False,9.107421317968342,2084.0,0.3821446937093342,0.1657314006643461,0.286238774057635,0.1658841733485311,0.3259759207224645,0.1897101579916262,0.4098673636222077,0.1705067484480676,0.2626406054996784,0.1569831588738917,0.0130862676857537,-0.0436867581343711,-0.0206160149941655,0.0512227848361374,https://img.a.transfermarkt.technology/portrait/header/462250-1668165358.jpg?lm=1,https://www.transfermarkt.co.uk/joao-felix/profil/spieler/462250
123682,Callum Wilson,2020-09-07,27045014.062500004,28.52840520191649,813.8699033647362,24310125.000000004,1,0.0,0.4724409448818897,0.0,0.0,381,0,4.810403832991102,0,5.0,5.0,0.0,14036262.016750364,False,False,False,9.086249986745132,3646.0,0.2479689535887345,0.1184275279874387,0.3955656212309132,0.2380395492781763,0.3068593289045802,0.2112630299217932,0.2786068197695783,0.1286253267565691,0.3576861559548607,0.2350859104175281,-0.0086366414949882,0.0367432474953556,-0.0235075477221314,-0.0046005147111706,https://img.a.transfermarkt.technology/portrait/header/123682-1668090039.jpg?lm=1,https://www.transfermarkt.co.uk/callum-wilson/profil/spieler/123682
206040,Raúl Jiménez,2019-07-01,48498699.375000015,28.15605749486653,792.7635736542297,44669854.687500015,1,0.0,0.0,0.0,0.0,180,0,5.0,0,3.0,5.0,2.0,14152494.804328129,False,False,False,9.08330213880546,2050.0,0.1635679188246838,0.0693470974172106,0.558172127617345,0.208916345510108,0.2311835386534533,0.1539193803998365,0.1674000677532661,0.0756396684649956,0.5290817691335299,0.2278848125911253,0.0211853428345196,-0.0284641920049688,-0.0169894395757044,0.0242617587839612,https://img.a.transfermarkt.technology/portrait/header/206040-1742820547.jpg?lm=1,https://www.transfermarkt.co.uk/raul-jimenez/profil/spieler/206040
401530,Éder Militão,2019-07-01,63814078.125000015,21.44832306639288,460.0305623603609,63814078.125000015,1,0.0,0.0,0.0,0.0,270,0,5.0,0,3.0,5.0,2.0,26927271.61715684,True,False,False,9.07954808172616,1834.0,0.2498450918968354,0.1122349698092692,0.4241217971187788,0.2138029946631911,0.2938785908507719,0.1865206020487554,0.276350421216594,0.1180537720541862,0.3989032281712792,0.2067012458684585,-0.0529208511022948,0.0384458973257839,0.0246056753774261,-0.0101297927234509,https://img.a.transfermarkt.technology/portrait/header/401530-1719653438.jpg?lm=1,https://www.transfermarkt.co.uk/eder-militao/profil/spieler/401530
327757,Krzysztof Piatek,2020-01-30,29172150.000000004,24.583162217659137,604.3318646197437,38896200.00000001,1,0.3821656050955413,0.1910828025477706,0.0,0.0,471,0,5.0,1,4.5,4.5,0.0,12078301.431730082,False,False,False,9.061956366209923,2387.0,0.2530202816921154,0.1476997738371316,0.3017094428467363,0.2975694851089796,0.3123844844606495,0.2577992579280093,0.2574234923870179,0.1434255731690056,0.3042639906298384,0.2948850905709147,0.0468098078242386,-0.0342495079393113,-0.0348089727685761,0.0222495759326173,https://img.a.transfermarkt.technology/portrait/header/327757-1739883988.JPG?lm=1,https://www.transfermarkt.co.uk/krzysztof-piatek/profil/spieler/327757
126664,Lucas Digne,2022-01-13,33075000.0,28.484599589322382,811.3724137640248,33075000.0,1,0.0,0.0,0.0,0.0,270,0,4.459958932238193,1,5.0,5.0,0.0,10205109.534142451,True,False,False,9.052867513151618,4768.0,0.2587230600202092,0.1679057382750193,0.2897944252766203,0.2835666685075342,0.3042935234619762,0.2611875694456329,0.2610966993986522,0.1717483609295135,0.2842665974506867,0.2828806599372102,0.0342194839376482,-0.0199848047842099,-0.0315922586488818,0.0173619773710972,https://img.a.transfermarkt.technology/portrait/header/126664-1736160616.jpg?lm=1,https://www.transfermarkt.co.uk/lucas-digne/profil/spieler/126664
122155,Willian José,2022-07-01,11025000.0,30.60369609856263,936.5862148931776,13230000.0,1,0.5625,0.0,0.0,0.0,160,0,3.997262149212868,0,5.0,5.0,0.0,11729978.85781641,False,False,False,9.023649282664286,1327.0,0.1456039492166605,0.115468390307523,0.3674141268606011,0.3715184500500229,0.23602145905171,0.2414506120599556,0.1475659092619359,0.1159416995585679,0.3719681000068841,0.364531280129112,0.0157056933307398,0.0034501951147044,-0.0180081748251633,-0.0011519113856715,https://img.a.transfermarkt.technology/portrait/header/122155-1720075360.png?lm=1,https://www.transfermarkt.co.uk/willian-jose/profil/spieler/122155
135490,Lindsay Rose,2019-07-01,216967.8656250001,27.392197125256672,750.3324633489199,893397.0937500002,1,0.0,0.0,0.0347685387096774,0.9677419354838708,90,1,5.0,0,4.0,2.0,-2.0,0.0,True,False,False,9.016512874996026,1051.0,0.0949265272912287,0.0706036173922497,0.4808627248201119,0.3536066646003978,0.1792241604794376,0.2218686136648921,0.0927545708322156,0.0687075781575901,0.4834051438853146,0.3551359589375007,0.0729352768905679,-0.0818043547108223,-0.0257598507633155,0.0346270606543279,https://img.a.transfermarkt.technology/portrait/header/135490-1677703034.png?lm=1,https://www.transfermarkt.co.uk/lindsay-rose/profil/spieler/135490
232271,Sofiane Boufal,2023-01-31,6300000.0,29.371663244353183,862.6946017396878,10500000.0,1,0.7627118644067796,0.0,0.0377497841018766,1.206434316353887,118,1,3.4113620807665983,1,4.0,2.0,-2.0,0.0,False,False,False,8.996899596123358,93.0,0.0957622643787553,0.0582846390871891,0.4220593721541612,0.4238974942094813,0.1805632626871145,0.2520958038299518,0.0799946275026162,0.0551825447454711,0.4341877539522125,0.4306350536598785,0.0774966093454129,0.1112888754149331,-0.2203289228521644,0.0315284292616852,https://img.a.transfermarkt.technology/portrait/header/232271-1668757196.jpg?lm=1,https://www.transfermarkt.co.uk/sofiane-boufal/profil/spieler/232271
58864,Pierre-Emerick Aubameyang,2022-09-01,13230000.0,33.204654346338124,1102.5490702597913,16537500.0,1,0.0,0.0,0.0,0.0,8,0,3.8275154004106775,0,5.0,5.0,0.0,48724226.77351685,False,False,False,8.98343977178426,3094.0,0.3289735291201342,0.1782041346956517,0.2748785786024972,0.2179424871329098,0.3331367259485812,0.2348133388531387,0.3649966109908596,0.1719806002078089,0.2579094085844011,0.205110611466111,0.0963692267307976,-0.0701010601309785,-0.0436518479669932,0.0173834525684456,https://img.a.transfermarkt.technology/portrait/header/58864-1676029326.png?lm=1,https://www.transfermarkt.co.uk/pierre-emerick-aubameyang/profil/spieler/58864
95810,Kieran Trippier,2019-07-17,28078194.375000007,28.82409308692676,830.8283422838192,44669854.687500015,1,0.0,0.0,0.0,1.9148936170212765,90,1,5.0,0,5.0,5.0,0.0,47050029.77784599,True,False,False,8.967631665167133,2919.0,0.1786439167121914,0.0874878447132412,0.4120454831976844,0.3218223979313844,0.2758522379752493,0.2423573954666277,0.1948682020483923,0.0890515303751801,0.3882697108357614,0.3278125313369451,0.0131673825219982,0.0305781087072514,-0.0517296503695287,0.0079923289394103,https://img.a.transfermarkt.technology/portrait/header/95810-1696454076.jpg?lm=1,https://www.transfermarkt.co.uk/kieran-trippier/profil/spieler/95810
249565,Youri Tielemans,2019-07-08,57432670.312500015,22.168377823408623,491.4369753213952,48498699.375000015,1,0.0,0.0,0.0,0.0,90,0,5.0,0,4.0,5.0,1.0,26622292.933773644,False,False,True,8.944028325260595,2688.0,0.397992519871122,0.1371411282592024,0.3047770331008925,0.1600861439208825,0.3437839225235531,0.17927144840077,0.4200643206429655,0.1385428507989567,0.2882265391663478,0.1531659066025931,-0.0046069789997289,-0.0122919549250298,0.0007867284657774,0.016113602101646,https://img.a.transfermarkt.technology/portrait/header/249565-1716886438.jpg?lm=1,https://www.transfermarkt.co.uk/youri-tielemans/profil/spieler/249565
187492,Julian Brandt,2019-07-01,31907039.062500007,23.16221765913758,536.4883268892647,63814078.125000015,1,0.6666666666666667,0.0,0.0,0.0,270,0,5.0,0,4.5,4.5,0.0,25575960.9130971,False,False,True,8.93022956502072,1246.0,0.3019934932411884,0.1308578715367314,0.3792308314632902,0.1879273874536275,0.3134067161642784,0.180526406979717,0.3277677574033074,0.1373227886249785,0.3570347687498381,0.1778864686095644,-0.0470994632044458,0.0324576777231375,0.0156631280749702,-0.0010229172611747,https://img.a.transfermarkt.technology/portrait/header/187492-1709560849.jpg?lm=1,https://www.transfermarkt.co.uk/julian-brandt/profil/spieler/187492
284165,Steven Bergwijn,2022-07-08,34453125.0,24.747433264887064,612.4354532000389,19845000.0,1,0.0,0.0,0.0,0.0,35,0,4.97741273100616,0,5.0,3.0,-2.0,11528925.50598581,False,False,False,8.901094121608562,2422.0,0.3481696295566042,0.1450634166417613,0.3100877993924528,0.1966822887087472,0.3324158703491451,0.2079103918622502,0.3626208417417211,0.140572631338246,0.3046193038681964,0.192195420465687,0.0409278409166939,-0.0469549212708397,-0.0307221185708551,0.0367473230660279,https://img.a.transfermarkt.technology/portrait/header/284165-1660913350.jpg?lm=1,https://www.transfermarkt.co.uk/steven-bergwijn/profil/spieler/284165
568177,Cole Palmer,2023-09-01,49350000.0,21.322381930184804,454.6439711766714,18900000.0,1,1.487603305785124,0.0,0.0,0.0,121,0,5.0,0,5.0,5.0,0.0,49102336.746804304,False,False,True,8.898092345579153,4194.0,0.1990544813259615,0.1374291147188001,0.3861883334714694,0.2773354621439891,0.2676741783571387,0.224292924542746,0.1928473156689899,0.1311599458422049,0.3897559205139064,0.2862442056543,0.0445242989797253,-0.0415426600170647,-0.0456258977239867,0.0426444410124388,https://img.a.transfermarkt.technology/portrait/header/568177-1712320986.jpg?lm=1,https://www.transfermarkt.co.uk/cole-palmer/profil/spieler/568177
318077,Lucas Torreira,2018-07-10,38393740.10390626,22.409308692676248,502.1771160836553,40202869.218750015,1,0.0,0.0,0.0097281158598726,0.5732484076433121,90,1,5.0,0,4.5,5.0,0.5,41908952.307477735,False,False,True,8.896998552743824,2789.0,0.2424310691249992,0.0926631082505301,0.4386435615851657,0.2262610470584812,0.3043309314497913,0.1855760711545488,0.2504860622569776,0.0899196173627703,0.4369514563348599,0.2226427918555066,-0.0297591812461216,0.0192215875288199,0.0173473312455143,-0.006809605449697,https://img.a.transfermarkt.technology/portrait/header/318077-1671110829.png?lm=1,https://www.transfermarkt.co.uk/lucas-torreira/profil/spieler/318077
331560,Takehiro Tomiyasu,2021-08-31,21531825.000000004,22.819986310746064,520.7517752226378,23152500.000000004,1,0.0,0.0,0.0,0.0,9,0,4.829568788501026,0,4.5,5.0,0.5,40755832.01957594,True,False,False,8.893984438939794,2838.0,0.3909870250833301,0.14272794884485,0.3038784282040953,0.1624002861063781,0.3369509735146169,0.1787413879540182,0.4053998647940871,0.1397044932085458,0.2963195471267883,0.1585681844558988,-0.0645206817997608,0.028713359165077,0.0300288888101425,0.0057873129120953,https://img.a.transfermarkt.technology/portrait/header/331560-1682591217.jpg?lm=1,https://www.transfermarkt.co.uk/takehiro-tomiyasu/profil/spieler/331560
485585,Ian Maatsen,2024-07-01,44500000.0,22.310746064339494,497.7693899474402,40000000.0,1,0.2857142857142857,0.0,0.0,0.0,315,0,5.0,0,5.0,5.0,0.0,15913961.017071228,True,False,False,8.881558488638976,1724.0,0.3128100585089436,0.1952469457234378,0.2698434403294802,0.2220916106698578,0.3193405426178153,0.2402649342619326,0.3186978422180962,0.1921121057574552,0.2684145212642659,0.2207644458631603,0.0516986411427169,-0.0780113470884369,-0.0660214214261782,0.0923400497310715,https://img.a.transfermarkt.technology/portrait/header/485585-1704795222.jpg?lm=1,https://www.transfermarkt.co.uk/ian-maatsen/profil/spieler/485585
37838,Dejan Lovren,2023-01-02,2100000.0,33.49486652977413,1121.9060838473831,3675000.0,1,0.0,0.0,0.0552052755144694,0.1446945337620578,180,1,3.490759753593429,1,2.5,4.0,1.5,15317552.298454745,True,False,False,8.879472402074802,1047.0,0.0444996737398101,0.0476205295189878,0.4384587074647338,0.4694164831702738,0.1034108402331423,0.2176874769355206,0.0477445998236624,0.0463436962596248,0.4433777082060375,0.4625256260873539,0.0197104911145729,-0.0040195447668097,-0.0411678855214855,0.0254760582368584,https://img.a.transfermarkt.technology/portrait/header/37838-1727967070.png?lm=1,https://www.transfermarkt.co.uk/dejan-lovren/profil/spieler/37838
332705,Tyler Adams,2022-07-06,18742500.0,23.38945927446954,547.0668051520693,18742500.0,1,0.0,0.0,0.0,0.0,58,0,5.0,0,4.5,5.0,0.5,13009791.858741872,False,False,True,8.832587702434553,1811.0,0.1312874326840919,0.0687280986390113,0.5018049847135122,0.2981677776911685,0.2325547789698991,0.2013337775446944,0.1417123870451718,0.0700434836798511,0.4979095660408076,0.2903190592304015,0.1075391378741664,-0.0914959446081232,-0.0468291580819445,0.030782662961106,https://img.a.transfermarkt.technology/portrait/header/332705-1666472142.jpg?lm=1,https://www.transfermarkt.co.uk/tyler-adams/profil/spieler/332705
487969,Randal Kolo Muani,2023-09-01,99750000.0,24.739219712525667,612.0289919846185,84000000.0,1,0.9375,0.0,0.0,0.0,288,0,1.828884325804244,0,4.5,4.0,-0.5,41872987.60748836,False,False,False,8.786762208441091,1894.0,0.4188593780815947,0.2093382910271868,0.2206222436277282,0.1511862603597527,0.329223986925178,0.1952667655921741,0.4205566814775988,0.2057241699228005,0.2196259174437953,0.1541022754575746,-0.0341407600612581,0.0180556946059826,0.0097040912710653,0.0063848534396121,https://img.a.transfermarkt.technology/portrait/header/487969-1718697120.jpg?lm=1,https://www.transfermarkt.co.uk/randal-kolo-muani/profil/spieler/487969
141050,Danilo Pereira,2021-07-01,18522000.000000004,29.80971937029432,888.6193689357002,23152500.000000004,1,0.0,0.0,0.05721847112462,0.2735562310030395,272,1,3.997262149212868,0,3.0,4.0,1.0,45749706.44706199,False,False,True,8.776167099731275,889.0,0.2673151965345224,0.1162669323321494,0.388786504385334,0.2276308231374373,0.3165586953718359,0.2124503987665752,0.2724852840974201,0.1190667951188044,0.3735881628261042,0.2348530242015782,0.0306013831679171,-0.0672585362779538,0.0292157646197204,0.0074408421873686,https://img.a.transfermarkt.technology/portrait/header/141050-1668697507.jpg?lm=1,https://www.transfermarkt.co.uk/danilo-pereira/profil/spieler/141050
262749,David Raya,2024-07-04,31900000.0,28.802190280629706,829.5661649616003,35000000.0,1,0.0,0.0,0.0,0.0,180,1,3.989048596851472,0,5.0,5.0,0.0,42905304.38723496,False,True,False,8.76732914779405,621.0,0.1608661491180134,0.1047299940638081,0.4574625960020261,0.2769417165595794,0.2461887107859083,0.2157131891799771,0.1611529896278626,0.1076227857032626,0.4398364573986982,0.2913873464819315,0.0453321884553466,-0.0561936569208126,-0.023825753890686,0.0346853107620774,https://img.a.transfermarkt.technology/portrait/header/262749-1668168018.jpg?lm=1,https://www.transfermarkt.co.uk/david-raya/profil/spieler/262749
303254,Fikayo Tomori,2021-07-01,40864162.50000001,23.53182751540041,553.7469062145559,32413500.000000004,1,0.25,0.0,0.0,0.0,360,0,5.0,0,5.0,4.5,-0.5,22673319.71183217,True,False,False,8.764365720529808,991.0,0.2557756644154951,0.1339613895568228,0.3548320334621788,0.2554345806582498,0.3039400807669061,0.2241345354708721,0.2665857002287622,0.1330460211272362,0.3484458195003723,0.2519290606335392,0.0103359000282682,-0.0443131277763382,-0.0049762511331981,0.0389569821114337,https://img.a.transfermarkt.technology/portrait/header/303254-1684856117.jpg?lm=1,https://www.transfermarkt.co.uk/fikayo-tomori/profil/spieler/303254
553875,Pedro Porro,2023-07-01,42000000.0,23.797399041752225,566.3162011523897,42000000.0,1,0.3260869565217391,0.6521739130434783,0.0,0.0,276,0,4.999315537303217,0,3.0,5.0,2.0,32103339.997966725,True,False,False,8.754160749323518,1497.0,0.1730672969962611,0.1111041223159944,0.4382915075379188,0.2775434351930714,0.2566517153189562,0.2113482810561194,0.1878706392457039,0.1134742444799786,0.4303769754264312,0.2682870093344863,0.0609668290969082,-0.0332607887517136,-0.0349107189957027,0.0072169314125564,https://img.a.transfermarkt.technology/portrait/header/553875-1730812390.jpg?lm=1,https://www.transfermarkt.co.uk/pedro-porro/profil/spieler/553875
495601,Víctor Gómez,2023-07-01,2100000.0,23.247091033538677,540.4272415216342,5250000.0,1,0.0,0.0,0.0,0.0,352,0,4.999315537303217,0,5.0,3.0,-2.0,2513957.251310084,True,False,False,8.748463629942055,1512.0,0.1662858702644469,0.1057181682283916,0.41640504019601,0.3115977405366443,0.2494469803741026,0.223980572600825,0.1595130396320125,0.1005735395024534,0.4297888166964879,0.3101357257208784,0.0327462093413822,-0.0221486956480319,-0.0232578733736875,0.0126631705470816,https://img.a.transfermarkt.technology/portrait/header/495601-1583506246.jpg?lm=1,https://www.transfermarkt.co.uk/victor-gomez/profil/spieler/495601
122155,Willian José,2024-07-01,2000000.0,32.60506502395619,1063.0902652164116,5000000.0,1,0.0,0.6206896551724138,0.0,0.0,290,0,1.995893223819302,0,5.0,2.5,-2.5,6973094.094828869,False,False,False,8.74321260347591,691.0,0.1248054145263944,0.1069568337598295,0.3792015296031513,0.3890352786319648,0.2143098632472247,0.2349862915412729,0.1270520505804685,0.1033844131964926,0.3828665404366677,0.3866999744430154,0.0293540264816696,0.0057480289474942,-0.0249424200455637,-0.0101602873427256,https://img.a.transfermarkt.technology/portrait/header/122155-1720075360.png?lm=1,https://www.transfermarkt.co.uk/willian-jose/profil/spieler/122155
332697,Weston McKennie,2021-07-01,25351987.500000004,22.84188911704312,521.7518984352929,28940625.000000004,1,0.0,0.2662721893491124,0.0,0.0,338,0,4.996577686516085,0,4.5,4.5,0.0,30187381.69129952,False,False,True,8.73165920153676,604.0,0.079631919337435,0.0599053654582198,0.5193116416654056,0.3411492976572746,0.1572341727848279,0.2016127882504693,0.0768136533477903,0.0568157737926534,0.5260269649034516,0.3403423038959565,0.0686328456125403,-0.0242579524539959,-0.0701024633810626,0.0256968201258421,https://img.a.transfermarkt.technology/portrait/header/332697-1642687384.jpg?lm=1,https://www.transfermarkt.co.uk/weston-mckennie/profil/spieler/332697
176553,Aymeric Laporte,2023-08-24,28875000.0,29.24298425735797,855.1521282760864,26250000.0,1,0.0,0.0,0.0,0.0,11,0,2.8501026694045173,0,5.0,2.0,-3.0,33546937.6484375,True,False,False,8.724695046740491,1719.0,0.2644604284834644,0.1412840968455697,0.3626936861690526,0.2315644176170636,0.3050821862435385,0.2089622493884387,0.2762797031092548,0.1394207446907033,0.3548094976923249,0.2294929727330891,0.0211395691163164,-0.0457452121260725,-0.0035848607727751,0.028187777025333,https://img.a.transfermarkt.technology/portrait/header/176553-1685546335.jpg?lm=1,https://www.transfermarkt.co.uk/aymeric-laporte/profil/spieler/176553
543499,Mohammed Kudus,2023-08-27,45150000.0,23.066392881587955,532.0584805677715,42000000.0,1,1.3333333333333337,0.3333333333333333,0.0,0.0,270,0,4.843258042436688,0,3.0,5.0,2.0,25011596.100076176,False,False,False,8.723882104658486,1912.0,0.323907412492843,0.1609194575431231,0.3081041903578791,0.207068687030624,0.322915394918644,0.2142854689493621,0.3294434974782243,0.1600808990586911,0.3053071747225521,0.2051680508819823,0.0015327987832872,-0.0007434095701118,-0.0029007424137716,0.0021037569167948,https://img.a.transfermarkt.technology/portrait/header/543499-1668429218.jpg?lm=1,https://www.transfermarkt.co.uk/mohammed-kudus/profil/spieler/543499
593482,Azzedine Ounahi,2023-01-29,8400000.0,22.77891854893908,518.8791302592009,15750000.0,1,0.0,0.0,0.0411687223140495,0.743801652892562,30,1,2.417522245037645,1,4.0,4.0,0.0,11769471.691375587,False,False,True,8.722417141427496,406.0,0.1858877043414869,0.086221545167527,0.4587767480755132,0.2691063139795208,0.2718326568278608,0.2074164052765414,0.1971032878805286,0.0861817947785998,0.4499561377452921,0.2667503991788539,0.1252704618016203,-0.1309959916184146,-0.0580077416760119,0.063737211002135,https://img.a.transfermarkt.technology/portrait/header/593482-1668080946.jpg?lm=1,https://www.transfermarkt.co.uk/azzedine-ounahi/profil/spieler/593482
39728,Mats Hummels,2019-07-01,38926587.65625001,30.537987679671456,932.5686915237656,44669854.687500015,1,0.0,0.0,0.0283282112903225,0.5806451612903225,270,1,5.0,0,4.5,4.5,0.0,24305970.558484238,True,False,False,8.711113884053544,2375.0,0.253071875327854,0.1542255617205521,0.3397516328236832,0.2529488257274417,0.2971160342599139,0.2254114100181488,0.2602148450853115,0.1520842744844713,0.3378441540969203,0.2498553728018776,0.0330742653228449,-0.0234285384055089,-0.0192328512208627,0.0095867776606155,https://img.a.transfermarkt.technology/portrait/header/39728-1709560545.jpg?lm=1,https://www.transfermarkt.co.uk/mats-hummels/profil/spieler/39728
362977,Josip Juranovic,2023-01-22,8977500.0,27.43600273785079,752.734246231356,9450000.0,1,0.0,0.0,0.0063817374007682,0.8066581306017926,159,1,4.435318275154004,1,2.0,4.5,2.5,4859613.28125,True,False,False,8.71028982137815,247.0,0.1460203463924277,0.0846375349643677,0.447468984095591,0.3218797266011502,0.2390796412922978,0.2355022350146735,0.1406250839968262,0.0818500584800335,0.4583848870605775,0.3191527424351409,0.1532662835971345,-0.146384596937981,-0.0784530831986799,0.0715558160090318,https://img.a.transfermarkt.technology/portrait/header/362977-1691614466.jpg?lm=1,https://www.transfermarkt.co.uk/josip-juranovic/profil/spieler/362977
334526,Denis Zakaria,2022-01-31,12513375.0,25.196440793976727,634.8606286843745,29767500.0,1,0.0,0.0,0.0,0.0,495,0,5.0,1,4.5,4.5,0.0,32563880.612857893,False,False,True,8.661293535389994,2601.0,0.3660881563086884,0.1782202989864316,0.283974621425585,0.1717197892572543,0.3273517924497438,0.1945847719703747,0.3943664993699352,0.1830558037415829,0.2647877727517577,0.1577940928637329,-0.0053879941302294,-0.0088779143766886,-0.0010892282763515,0.0153567058858681,https://img.a.transfermarkt.technology/portrait/header/334526-1667990520.jpg?lm=1,https://www.transfermarkt.co.uk/denis-zakaria/profil/spieler/334526
205562,Thomas Lemar,2018-07-01,96486886.12500004,22.633812457221083,512.2894663486563,87106216.64062503,1,0.0,0.0,0.0257889909677419,1.9354838709677415,248,1,5.0,0,4.0,5.0,1.0,24210881.19319196,False,False,True,8.646641258603124,684.0,0.2753602830722587,0.1145878917513078,0.3901840545171594,0.2198677606029544,0.3164512934946757,0.2010589937535719,0.2981785220103364,0.1213710555102571,0.3707375209327637,0.2097121713403473,-0.0992423860385673,0.0414293210517882,0.0809540010358431,-0.0231500109954427,https://img.a.transfermarkt.technology/portrait/header/205562-1686662075.jpg?lm=1,https://www.transfermarkt.co.uk/thomas-lemar/profil/spieler/205562
37838,Dejan Lovren,2020-08-01,14586075.000000002,31.07460643394935,965.6311650248464,14586075.000000002,1,0.0,0.0,0.0552052755144694,0.1446945337620578,17,1,5.0,0,5.0,2.5,-2.5,16004684.200340692,True,False,False,8.643473357326567,1696.0,0.191329987664485,0.1134075573704642,0.3635780996260757,0.3316831904843092,0.2736454875143718,0.247566829216314,0.1835612061624938,0.1115890048738911,0.3685825652054862,0.3362583922310964,0.0604037899935097,-0.0207541983596538,-0.0714443855771402,0.0317907923123256,https://img.a.transfermarkt.technology/portrait/header/37838-1727967070.png?lm=1,https://www.transfermarkt.co.uk/dejan-lovren/profil/spieler/37838
181375,Sébastien Haller,2022-07-06,34177500.0,28.03832991101985,786.1479441991904,38587500.0,1,0.4411764705882353,0.0,0.0,0.0,204,0,2.9842573579739904,0,3.0,4.5,1.5,24662457.989510324,False,False,False,8.643297068211963,1736.0,0.3252325870229378,0.1723280738342209,0.2983092279624232,0.2041263751852472,0.325823836714082,0.2108714050719037,0.3478629677854989,0.1712112152341909,0.2905463102978629,0.1903751701947953,0.0235168374324148,-0.0352175429266122,-0.0341906631180343,0.0458879696292794,https://img.a.transfermarkt.technology/portrait/header/181375-1709560699.jpg?lm=1,https://www.transfermarkt.co.uk/sebastien-haller/profil/spieler/181375
55735,Henrikh Mkhitaryan,2018-01-22,45563251.781250015,29.00205338809035,841.1191007256429,46903347.421875015,1,0.0,0.0,0.2451166986263735,0.989010989010989,181,1,5.0,1,5.0,5.0,0.0,39621144.69412676,False,False,True,8.640648995343156,4965.0,0.3569992178737527,0.1568849622950358,0.2772535798910484,0.2088691112512914,0.3442402901188038,0.2321627704595138,0.3853896635374343,0.154780078292699,0.2670620375561195,0.1927774570472163,0.0248818928640584,-0.0219166255687021,-0.0107267604868584,0.0077637533359632,https://img.a.transfermarkt.technology/portrait/header/55735-1664973670.jpg?lm=1,https://www.transfermarkt.co.uk/henrikh-mkhitaryan/profil/spieler/55735
570817,Maxime Busi,2020-10-05,8386993.125000002,20.97741273100616,440.0518448869794,3038765.6250000005,1,0.0,0.1115241635687732,0.0,0.0,807,0,4.733744010951403,0,2.5,4.5,2.0,6901645.940647219,True,False,False,8.601901919343192,2704.0,0.0681072137654211,0.0575129798702667,0.4406859768245439,0.4336933443770209,0.1550005691251408,0.214892296251629,0.0615337940429715,0.0558236111885038,0.447422676015434,0.4352111536963959,-0.0302612833612094,-0.0080471510750394,0.0555708221897262,-0.0172665298862297,https://img.a.transfermarkt.technology/portrait/header/570817-1672838490.jpg?lm=1,https://www.transfermarkt.co.uk/maxime-busi/profil/spieler/570817
181375,Sébastien Haller,2019-07-17,63814078.125000015,25.06776180698152,628.3926820115613,51051262.500000015,1,2.0,0.0,0.0,0.0,45,0,5.0,0,4.5,5.0,0.5,22586313.930668708,False,False,False,8.59452453435256,1816.0,0.3642024517147613,0.1267223375811662,0.3289831974090988,0.1800896330820898,0.3365152396386879,0.184438686015644,0.3859641798128113,0.1327630988881011,0.305191212111596,0.1760788365889903,0.0044574458080179,-0.0238143145433611,-0.011328339813676,0.0306753569435231,https://img.a.transfermarkt.technology/portrait/header/181375-1709560699.jpg?lm=1,https://www.transfermarkt.co.uk/sebastien-haller/profil/spieler/181375
451276,Dominik Szoboszlai,2023-07-02,73500000.0,22.68309377138946,514.5227430416472,52500000.0,1,0.706806282722513,0.0,0.0,0.0,382,0,4.996577686516085,0,4.5,5.0,0.5,41342491.92821902,False,False,True,8.583729715216482,3819.0,0.3828411134423197,0.1455036186890813,0.3135380560196497,0.1581175952463723,0.3332226729475859,0.1728979899221865,0.4016463780390423,0.1447305989414716,0.3044465004098888,0.1491758911110388,-0.019558238275404,0.0110884260846315,0.006574023148342,0.0018928255551835,https://img.a.transfermarkt.technology/portrait/header/451276-1700209677.jpg?lm=1,https://www.transfermarkt.co.uk/dominik-szoboszlai/profil/spieler/451276
165793,Takumi Minamino,2022-07-01,16537500.0,27.45516769336071,753.7862330705577,13230000.0,1,1.0,0.0,0.0,0.0,90,0,4.996577686516085,0,5.0,4.0,-1.0,22325021.56375345,False,False,False,8.552174160311482,900.0,0.2794110049652459,0.1431179949277981,0.3491808335155231,0.2282918333569755,0.314682830952923,0.2128685136101616,0.286491364604045,0.138739951364378,0.3497966802551318,0.224973199674034,-0.0439351002885965,-0.0144865603086004,0.0449513035787883,0.0134743190506089,https://img.a.transfermarkt.technology/portrait/header/165793-1737490576.jpg?lm=1,https://www.transfermarkt.co.uk/takumi-minamino/profil/spieler/165793
54781,Nicolás Otamendi,2020-09-29,18232593.750000004,32.629705681040384,1064.697692831319,17624840.625000004,1,0.0,0.0,0.0,0.0,1,0,4.750171115674196,0,5.0,3.0,-2.0,11999755.319863934,True,False,False,8.54772239645106,2182.0,0.2598224132154447,0.1514689364449941,0.3194280734670962,0.2692824820006684,0.3081250323749206,0.2406781176544483,0.2656985570849091,0.1539716971652279,0.314211453855791,0.2661183485536398,0.0171443495895184,-0.0291536710689684,-0.0276887775672447,0.0396950995094681,https://img.a.transfermarkt.technology/portrait/header/54781-1669835534.jpg?lm=1,https://www.transfermarkt.co.uk/nicolas-otamendi/profil/spieler/54781
348795,Giovani Lo Celso,2019-07-01,28078194.375000007,23.225188227241617,539.4093681908026,63814078.125000015,1,0.0,0.3333333333333333,0.0,0.0,270,0,5.0,0,4.0,5.0,1.0,6332241.724224612,False,False,True,8.528133131454572,1615.0,0.3604300045712361,0.1369590985713667,0.2967193371040999,0.2058892765203671,0.3470073570248273,0.2194633199087688,0.3577269328677302,0.1365833442967256,0.296568887168016,0.2091174430310911,-0.0094623422441753,-0.0063586164962124,0.0264419787517098,-0.0106290659865297,https://img.a.transfermarkt.technology/portrait/header/348795-1726734706.jpg?lm=1,https://www.transfermarkt.co.uk/giovani-lo-celso/profil/spieler/348795
776890,Nicolas Jackson,2023-07-01,38850000.0,22.028747433264886,485.2657134785743,31500000.0,1,1.0526315789473684,0.3508771929824561,0.0,0.0,513,0,5.0,0,5.0,5.0,0.0,50014238.90838103,False,False,False,8.517793011488205,3741.0,0.2763568454149102,0.1429390432547684,0.3528000253145812,0.2279115422922628,0.3112786066744371,0.2098365231536686,0.3045545887923668,0.1426167469698595,0.3388166814791675,0.2140224319397622,0.0029339419767829,0.0039130787295256,-0.0116806007278206,0.0048300353137439,https://img.a.transfermarkt.technology/portrait/header/776890-1726227971.jpg?lm=1,https://www.transfermarkt.co.uk/nicolas-jackson/profil/spieler/776890
375885,Ibrahim Sangaré,2023-09-01,36750000.0,25.74674880219028,662.8950738830868,36750000.0,1,0.2857142857142857,0.1428571428571428,0.0,0.0,630,0,4.829568788501026,0,3.0,5.0,2.0,10854276.254442828,False,False,True,8.495356496807062,789.0,0.4162900242623169,0.1978558556138067,0.2237548734531937,0.162094765122842,0.324663002342631,0.2077208908599941,0.426227173341964,0.197788311675127,0.2176425124043718,0.1583358127379187,-0.0582666551464463,0.0235555087274493,0.0441647169865082,-0.0094421558436517,https://img.a.transfermarkt.technology/portrait/header/375885-1700738495.jpg?lm=1,https://www.transfermarkt.co.uk/ibrahim-sangare/profil/spieler/375885
550550,Gonçalo Ramos,2024-01-01,65000000.0,22.532511978097197,507.7140960430935,50000000.0,1,0.5,0.0,0.0,0.0,180,0,4.495550992470911,1,3.0,4.0,1.0,44389379.45064104,False,False,False,8.476996001664824,974.0,0.0869002661969154,0.0756295985452635,0.4255845555659385,0.4118813955997338,0.1755648574375562,0.2387807206980943,0.0891417854145281,0.0737175989055592,0.4208656164904089,0.4162729391222876,0.0277597697060439,-0.00968327748726,-0.0262543539925566,0.0081743498904317,https://img.a.transfermarkt.technology/portrait/header/550550-1681906158.jpg?lm=1,https://www.transfermarkt.co.uk/goncalo-ramos/profil/spieler/550550
106987,Marcel Sabitzer,2021-08-30,17364375.000000004,27.45516769336071,753.7862330705577,48620250.00000001,1,0.0,0.0,0.0,0.0,48,0,5.0,0,4.5,4.5,0.0,35261101.671517864,False,False,True,8.476162841858246,1585.0,0.4127357152165249,0.1769205962384229,0.2644320905780037,0.1459121751805154,0.3297862784748992,0.1792756352506614,0.4288980203693062,0.1856371651436849,0.2488585811666357,0.1366083779666759,0.0163712191473847,-0.0398653246634236,-0.0068521541320508,0.0303494610306524,https://img.a.transfermarkt.technology/portrait/header/106987-1711745992.jpg?lm=1,https://www.transfermarkt.co.uk/marcel-sabitzer/profil/spieler/106987
181375,Sébastien Haller,2021-01-08,26046562.500000004,26.548939082819988,704.8461664232866,34728750.00000001,1,0.2496532593619972,0.0,0.0,0.0,721,0,4.473648186173854,1,5.0,3.0,-2.0,10230447.699214395,False,False,False,8.442038517815478,1692.0,0.1160770890937428,0.0875618535433191,0.4059293778620841,0.3904239834704635,0.2121554266155979,0.2449055506979714,0.1125818522848177,0.091713298561833,0.4041169933195295,0.3915819377428408,0.0658659814284122,-0.0510094663039013,-0.0562396479918093,0.0414021174255901,https://img.a.transfermarkt.technology/portrait/header/181375-1709560699.jpg?lm=1,https://www.transfermarkt.co.uk/sebastien-haller/profil/spieler/181375
316889,Hirving Lozano,2019-08-23,57432670.312500015,24.06570841889117,579.1583217030893,51051262.500000015,1,0.0,0.0,0.0,0.0,270,0,5.0,0,3.0,4.5,1.5,19532216.41693422,False,False,False,8.436416881388949,697.0,0.2168278194668235,0.1173818005421393,0.4067229579312505,0.2590709984935925,0.2830884616924678,0.2206146303097542,0.2423519987381598,0.1230854906050755,0.3769033319594921,0.2576617183001557,0.0358996234018182,-0.033877293161198,-0.0230532212818956,0.0210335866922132,https://img.a.transfermarkt.technology/portrait/header/316889-1661508585.jpg?lm=1,https://www.transfermarkt.co.uk/hirving-lozano/profil/spieler/316889
95810,Kieran Trippier,2022-01-07,15435000.0,31.301848049281315,979.8056913002964,19845000.0,1,0.0,0.0,0.0,1.9148936170212765,270,1,4.476386036960986,1,5.0,5.0,0.0,15621957.27958364,True,False,False,8.42639282708974,2473.0,0.244702675726432,0.1166238122545223,0.3754068882285177,0.2632716434808838,0.3145291392034043,0.2248858544727265,0.2599182939665018,0.1192986541169615,0.3704868628122041,0.2502992445647205,0.0730599050803634,-0.065656391827346,-0.0318837257466983,0.0244787483541529,https://img.a.transfermarkt.technology/portrait/header/95810-1696454076.jpg?lm=1,https://www.transfermarkt.co.uk/kieran-trippier/profil/spieler/95810
125781,Antoine Griezmann,2023-07-01,23100000.0,32.27926078028747,1041.950676521805,26250000.0,1,0.6666666666666667,0.6666666666666667,0.0,0.0,540,0,2.9979466119096507,0,5.0,5.0,0.0,34551111.482673,False,False,False,8.404919948933452,1267.0,0.147386557733575,0.1317008077404599,0.4195219038209428,0.3013775602663427,0.2356237927759491,0.224376717638496,0.147610674775081,0.1322817243818289,0.4132116379142844,0.3068834288557432,0.0207227308922851,-0.0153747624629428,-0.0081597078251677,0.0028079950995102,https://img.a.transfermarkt.technology/portrait/header/125781-1719928503.jpg?lm=1,https://www.transfermarkt.co.uk/antoine-griezmann/profil/spieler/125781
447661,Douglas Luiz,2024-07-01,51500000.0,26.14647501711157,683.6381558204392,70000000.0,1,0.0,0.0,0.0,0.0,260,1,4.996577686516085,0,5.0,4.5,-0.5,29479080.958341595,False,False,True,8.399984990510696,1069.0,0.2938623449794891,0.1594541157573609,0.3236399833758135,0.223046996493732,0.3184372227796596,0.2244633521615824,0.2965253443189951,0.1555295865551773,0.3257694307262274,0.2221874062810748,-0.0043357080154565,-0.0004159522646699,-0.0030755975165648,0.007832349408408,https://img.a.transfermarkt.technology/portrait/header/447661-1696598670.jpg?lm=1,https://www.transfermarkt.co.uk/douglas-luiz/profil/spieler/447661
72476,Bernd Leno,2018-07-01,33502391.01562501,26.324435318275157,692.9758948260522,26801912.812500007,1,0.0,0.0,0.0,0.0,180,0,5.0,0,4.5,5.0,0.5,44796350.64241078,False,True,False,8.396831834745054,1429.0,0.2614591328245638,0.1280093141411185,0.3307174224715801,0.2798149792295931,0.3149599413922332,0.2457284421744028,0.2578163350049778,0.1264447849301163,0.329938951470151,0.2858034920353735,-0.0386140112633759,0.0464241362937004,0.0153029295658591,-0.0231055237425936,https://img.a.transfermarkt.technology/portrait/header/72476-1642711733.jpg?lm=1,https://www.transfermarkt.co.uk/bernd-leno/profil/spieler/72476
128223,Álvaro Morata,2020-07-01,42542718.75000001,27.68788501026694,766.6189763417647,43758225.00000001,1,0.4615384615384615,0.0,0.1659657068980477,0.3904555314533623,195,1,5.0,0,5.0,5.0,0.0,45325317.46849635,False,False,False,8.374246182096304,1482.0,0.321748576372236,0.210883710391522,0.2446669334906396,0.2227012331425772,0.3220734356959777,0.2495266700112088,0.3362526382190862,0.2156900114869106,0.2418142069687381,0.2062455253977279,-0.0668772594444278,0.0560274176026886,0.0513338512819757,-0.0404742336827353,https://img.a.transfermarkt.technology/portrait/header/128223-1719989301.jpg?lm=1,https://www.transfermarkt.co.uk/alvaro-morata/profil/spieler/128223
146310,Wataru Endo,2023-08-18,21000000.0,30.51882272416153,931.3985404687984,6825000.0,1,1.0,0.0,0.0,0.0,90,0,3.865845311430527,0,4.5,5.0,0.5,42804196.84057271,False,False,True,8.361941906144946,4130.0,0.2731069796553282,0.1503895073293525,0.3539862035590911,0.2225193041507328,0.2966229491893211,0.2018172511627542,0.269423179713171,0.1463029154596632,0.3621267580790322,0.22214799180084,0.0050711157581384,-0.0066838170697032,-0.0018302131725861,0.0034420946794578,https://img.a.transfermarkt.technology/portrait/header/146310-1657181542.jpg?lm=1,https://www.transfermarkt.co.uk/wataru-endo/profil/spieler/146310
361093,Sven Botman,2022-07-01,40792500.0,22.466803559206024,504.7572621679525,33075000.0,1,0.0,0.0,0.0,0.0,180,0,4.996577686516085,0,4.0,5.0,1.0,18329705.13852963,True,False,False,8.34924780056679,1516.0,0.405514565904277,0.18226099984656,0.2537102742156766,0.1585125397349555,0.3321708925461642,0.1919898846041703,0.4228017054480913,0.1767083591628496,0.2493236938794571,0.1511631815186765,-0.0245229371618073,-0.0162379564370213,0.0027827572284569,0.0379793288994203,https://img.a.transfermarkt.technology/portrait/header/361093-1683290679.jpg?lm=1,https://www.transfermarkt.co.uk/sven-botman/profil/spieler/361093
627207,Ricardo Pepi,2023-07-07,11550000.0,20.490075290896645,419.8431854266132,9450000.0,1,0.0,0.0,0.0,0.0,205,0,4.982888432580425,0,4.5,3.0,-1.5,6271430.014893436,False,False,False,8.328692583545568,832.0,0.1083803259808084,0.0746656187490564,0.4649251633796139,0.3520274176113847,0.2009061749940174,0.2061496544656497,0.1196838592446544,0.0724488782193913,0.467916344683854,0.3399546171118811,0.0202856210163205,-0.0094265597055322,-0.0243850685149397,0.013522625997225,https://img.a.transfermarkt.technology/portrait/header/627207-1658600752.jpg?lm=1,https://www.transfermarkt.co.uk/ricardo-pepi/profil/spieler/627207
263727,Joan Jordán,2019-07-01,17867941.875000004,24.985626283367555,624.2815207721076,15315378.750000004,1,0.0,0.0,0.0480368516129032,3.870967741935484,270,1,5.0,0,5.0,5.0,0.0,15904909.71470502,False,False,True,8.326516830239528,717.0,0.1243912875291597,0.0807238532393932,0.4577066019354187,0.337176307931243,0.2099750867907433,0.2047541125250227,0.1212759015131454,0.0795276278946853,0.4614899195233541,0.3377050357050792,0.0188412043617621,-0.0268747033964488,-0.0098619284400088,0.0178940090523551,https://img.a.transfermarkt.technology/portrait/header/263727-1620305031.jpg?lm=1,https://www.transfermarkt.co.uk/joan-jordan/profil/spieler/263727
165793,Takumi Minamino,2020-01-01,10331803.125000002,24.95824777549624,622.9141320230628,15193828.125000004,1,0.375,0.0,0.0,0.0,240,0,5.0,1,2.0,5.0,3.0,39527889.93688329,False,False,False,8.313852267398207,2141.0,0.2702138937697395,0.1207268170849836,0.3896998812036498,0.2193586055365635,0.3047241734098094,0.1921815878015494,0.2827735645659041,0.123422106644,0.379528474080797,0.2142721105603643,-0.0273087335793942,0.0168933275191378,0.0085920950478231,0.0018311174226117,https://img.a.transfermarkt.technology/portrait/header/165793-1737490576.jpg?lm=1,https://www.transfermarkt.co.uk/takumi-minamino/profil/spieler/165793
370846,Timothy Weah,2023-07-01,11550000.0,23.353867214236825,545.4031138602056,14700000.0,1,0.0,0.0,0.0,0.0,301,0,4.999315537303217,0,4.0,4.5,0.5,30586303.918163907,False,False,False,8.313607139317558,2055.0,0.1003757961361124,0.0664824242098416,0.5226948108083773,0.310452437389125,0.1880078485315404,0.1880095981557874,0.1080132967135284,0.0631730358003889,0.5293344872671989,0.2994864615390318,0.0125301767553679,-0.0326760896478598,0.0114023196553121,0.0087448500699731,https://img.a.transfermarkt.technology/portrait/header/370846-1692277669.jpg?lm=1,https://www.transfermarkt.co.uk/timothy-weah/profil/spieler/370846
354362,Rodrigo Bentancur,2022-01-31,20947500.0,24.602327173169066,605.2745023356528,27562500.0,1,0.0,0.0,0.0,0.0,608,0,4.410677618069816,1,4.5,5.0,0.5,29207332.938305967,False,False,True,8.30325712085294,3113.0,0.248294618604677,0.1673600638231744,0.3133743444921004,0.2709626782873813,0.2998747325762158,0.2441246108523,0.2556219439017507,0.165393914553897,0.3141411910703025,0.2648412430682261,0.0355080143162863,-0.0225707127454118,-0.030750289570176,0.0178126939024293,https://img.a.transfermarkt.technology/portrait/header/354362-1740605779.jpg?lm=1,https://www.transfermarkt.co.uk/rodrigo-bentancur/profil/spieler/354362
349066,Alexander Isak,2022-08-26,77175000.0,22.92950034223135,525.7619859443876,33075000.0,1,0.5844155844155845,0.0,0.0,0.0,154,0,5.0,0,5.0,5.0,0.0,19562696.70289493,False,False,False,8.261268150577648,2620.0,0.3544988715987489,0.1885251757402444,0.2716820926321261,0.1853030537450036,0.3212759375842993,0.2128230493931907,0.3657172522355575,0.1906533880382135,0.2659407271801446,0.1776989151838243,0.0059674361214063,-0.008251615169474,0.0010776165258433,0.0012107551903226,https://img.a.transfermarkt.technology/portrait/header/349066-1680791339.jpg?lm=1,https://www.transfermarkt.co.uk/alexander-isak/profil/spieler/349066
465830,Mattéo Guendouzi,2022-07-01,12127500.0,23.21423682409309,538.9007913250796,27562500.0,1,0.3333333333333333,0.0,0.0,0.0,270,0,5.0,0,5.0,4.0,-1.0,12100297.475742413,False,False,True,8.220941168281389,670.0,0.2026766042475871,0.1434416361704352,0.3485460730371277,0.3053316152766086,0.2738580075674575,0.2584038674493012,0.1937083233777365,0.138829942098225,0.3426916094807676,0.3247644722461209,0.0845556609401461,-0.046752504867235,-0.0578158030717637,0.0199900723220146,https://img.a.transfermarkt.technology/portrait/header/465830-1730125468.jpg?lm=1,https://www.transfermarkt.co.uk/matteo-guendouzi/profil/spieler/465830
258004,Rúben Dias,2020-09-29,87030247.50000001,23.378507871321013,546.5546302894186,42542718.75000001,1,0.3333333333333333,0.0,0.0,0.0,270,0,5.0,0,3.0,5.0,2.0,49771425.664772026,True,False,False,8.217708406845306,3026.0,0.3100005465158728,0.1673932115397794,0.3056371506087371,0.2169724900712851,0.318350884074901,0.2221594562059248,0.3232138265437693,0.1681299533146943,0.3018641540639697,0.2068001663438508,0.0187784837085107,-0.0336335204288573,-0.0027265898648547,0.0175796334633574,https://img.a.transfermarkt.technology/portrait/header/258004-1684921271.jpg?lm=1,https://www.transfermarkt.co.uk/ruben-dias/profil/spieler/258004
861410,Arda Güler,2023-07-06,21000000.0,18.357289527720734,336.9900788045655,15750000.0,1,0.0,0.5438066465256798,0.0,0.0,331,0,5.0,0,2.5,5.0,2.5,43488321.94480698,False,False,False,8.212839584676484,2903.0,0.3491652747108453,0.1719087125293472,0.3002580477675998,0.1786668103401467,0.3211888618895536,0.190183136846903,0.3552596565180505,0.1719041741534648,0.2984941007419778,0.1743440185298898,-0.0053640345092691,-0.0042353323452458,0.006109067430761,0.0034923450040772,https://img.a.transfermarkt.technology/portrait/header/861410-1699472585.jpg?lm=1,https://www.transfermarkt.co.uk/arda-guler/profil/spieler/861410
568559,Radu Drăgușin,2024-01-11,25000000.0,21.935660506502398,481.17320185652886,20000000.0,1,0.1287553648068669,0.0,0.0,0.0,699,0,5.0,1,4.5,5.0,0.5,33470390.7673539,True,False,False,8.212025804623437,3451.0,0.3316443150258349,0.1689943071297015,0.3047600952214708,0.1945950583707496,0.314473360481817,0.1985716076966992,0.3343402695960319,0.1655460144984419,0.3048959719176423,0.1952124806946523,0.0021851817176362,-0.0025887147105851,-0.0031166054699402,0.0035182104716278,https://img.a.transfermarkt.technology/portrait/header/568559-1704716630.jpg?lm=1,https://www.transfermarkt.co.uk/radu-dragusin/profil/spieler/568559
353366,Benjamin Pavard,2019-07-01,44669854.687500015,23.2580424366872,540.9365379867428,38288446.87500001,1,0.0,0.0,0.0,0.0,270,0,5.0,0,4.5,4.5,0.0,32804616.476914685,True,False,False,8.199189359078067,1210.0,0.2905573211661531,0.1311440812646605,0.3568253956360249,0.2214693243044039,0.3168380728344693,0.2059265605166994,0.2935167771844412,0.1281346448569073,0.3556454181785924,0.2226982631578068,0.0031116117879887,0.0006631703606337,-0.0085734028652252,0.0048093584951535,https://img.a.transfermarkt.technology/portrait/header/353366-1713819215.jpg?lm=1,https://www.transfermarkt.co.uk/benjamin-pavard/profil/spieler/353366
104752,Konstantinos Manolas,2019-07-01,45946136.250000015,28.046543463381244,786.6086002433332,57432670.312500015,1,0.0,0.0,0.0,0.0,180,0,0.4928131416837782,0,4.5,4.5,0.0,18129264.543937508,True,False,False,8.190908881182514,889.0,0.3637441313098202,0.181884765625,0.2701628462641002,0.184203098975029,0.3225292583879954,0.2138071748629492,0.3768266881299548,0.1888161834581084,0.2548725420315634,0.1794824411665669,0.0561552588604026,-0.0605639316875042,-0.0443964867049441,0.0487906388410433,https://img.a.transfermarkt.technology/portrait/header/104752-1663850126.jpg?lm=1,https://www.transfermarkt.co.uk/konstantinos-manolas/profil/spieler/104752
431755,Dejan Kulusevski,2023-07-01,31500000.0,23.1813826146475,537.3764999266814,52500000.0,1,0.0,0.4972375690607734,0.0,0.0,181,0,4.999315537303217,0,4.5,5.0,0.5,32129572.171791367,False,False,True,8.174984532943087,843.0,0.2291112496819294,0.1430036474953235,0.3763109105069872,0.251579424361108,0.290167861742319,0.2212385666514376,0.2382078675917072,0.1426789648265213,0.3704078608977525,0.2487033310519366,0.0522311673551474,-0.0241947680620824,-0.0247815715677685,-0.0032634672048569,https://img.a.transfermarkt.technology/portrait/header/431755-1684943454.jpg?lm=1,https://www.transfermarkt.co.uk/dejan-kulusevski/profil/spieler/431755
258027,Renato Sanches,2019-08-23,25525631.250000007,22.012320328542096,484.5422462463476,22973068.125000007,1,0.0,0.0,0.0,0.0,88,0,5.0,0,4.5,4.0,-0.5,8766926.329559227,False,False,True,8.166784289056151,1233.0,0.1958480418930335,0.1245517465276699,0.3990189851058271,0.2805863239317582,0.2586117138924331,0.21977365979385,0.2019740767683262,0.1221597196212785,0.399634291899875,0.2762362388705924,0.0199751633417137,-0.0480642192848018,0.0083623136972225,0.0197167008409178,https://img.a.transfermarkt.technology/portrait/header/258027-1737497899.jpg?lm=1,https://www.transfermarkt.co.uk/renato-sanches/profil/spieler/258027
257455,João Palhinha,2024-07-11,51000000.0,29.00752908966461,841.4367438877387,55000000.0,1,0.0,0.0,0.0616884983061889,0.2931596091205212,90,1,3.969883641341547,0,5.0,4.5,-0.5,37573918.03316964,False,False,True,8.163940954755008,1208.0,0.2819963931629916,0.1552858496622223,0.3255866802305756,0.2371372265273843,0.3175030774857599,0.2268204377357521,0.3013073365510111,0.1589019830617024,0.3158309417103589,0.2239636322864755,-0.0405430802828355,0.0393485126102027,0.0352996354329193,-0.0341059279246524,https://img.a.transfermarkt.technology/portrait/header/257455-1684773447.jpg?lm=1,https://www.transfermarkt.co.uk/joao-palhinha/profil/spieler/257455
161011,Filip Kostić,2022-08-12,16206750.0,29.77686516084873,886.661698807367,26460000.0,1,0.0,0.5487804878048781,0.0,0.0,164,0,2.8829568788501025,0,4.5,4.5,0.0,31104221.52725344,False,False,True,8.159946655578548,1685.0,0.3145065111264454,0.1354395926663423,0.3538779001560489,0.1961763418501433,0.3236442635086408,0.1921374410338371,0.3292258809039021,0.1351871582422095,0.3439289351462356,0.1916589536371649,-0.0383658283513272,0.0142095559783284,0.0276740012145242,-0.003519260932118,https://img.a.transfermarkt.technology/portrait/header/161011-1728391991.JPG?lm=1,https://www.transfermarkt.co.uk/filip-kostic/profil/spieler/161011
45026,Rui Patrício,2018-07-01,24121721.531250007,30.37371663244353,922.5626620679768,21441530.250000007,1,0.0,0.0,0.0091365057181208,0.0,180,1,5.0,0,3.0,5.0,2.0,5459549.639906252,False,True,False,8.12296471523406,1272.0,0.2321601912954087,0.142804881019479,0.3641869677987933,0.2608499770348433,0.2894315617215436,0.2324583449741987,0.2469044658238708,0.1529247795394379,0.3460412905899638,0.254140046392397,-0.1122074736283029,0.1281857489489464,0.0606204035443073,-0.0766188338193421,https://img.a.transfermarkt.technology/portrait/header/45026-1716296132.jpg?lm=1,https://www.transfermarkt.co.uk/rui-patricio/profil/spieler/45026
74230,Pablo Sarabia,2023-01-17,5250000.0,30.68583162217659,941.6202623445728,21000000.0,1,0.0,0.0,0.3571842889726027,3.6986301369863015,49,1,2.4503764544832305,1,4.0,5.0,1.0,22198857.122276045,False,False,False,8.112527763478637,333.0,0.063748819788714,0.0501900783006934,0.4158087986341302,0.4702527162017136,0.1432986956570019,0.2226243390095058,0.0609661336583869,0.049721213033625,0.4047516522344929,0.4845650127820847,0.1708137304324055,-0.096131371267799,-0.1605106392248343,0.0858167781651474,https://img.a.transfermarkt.technology/portrait/header/74230-1602692460.jpg?lm=1,https://www.transfermarkt.co.uk/pablo-sarabia/profil/spieler/74230
325223,Mama Baldé,2024-08-30,4500000.0,28.815879534565365,830.354913350583,4000000.0,1,0.0,0.0,0.0,0.0,31,0,2.830937713894593,0,4.0,4.0,0.0,1546960.625,False,False,False,8.09376775793108,1407.0,0.1078877983710979,0.0796232867452153,0.470662360303525,0.3418237865062216,0.1825556824800772,0.2167313291838468,0.1042658600063416,0.0759800026514174,0.481443747826799,0.33830857721523,-0.0183860561796069,-0.0180097049575567,0.0381002312311934,-0.0017045948999633,https://img.a.transfermarkt.technology/portrait/header/325223-1702991373.jpg?lm=1,https://www.transfermarkt.co.uk/mama-balde/profil/spieler/325223
191217,Héctor Bellerín,2023-01-31,1050000.0,27.871321013004792,776.8105350099625,15750000.0,1,0.0,0.0,0.0,0.0,173,0,5.0,1,5.0,3.0,-2.0,8196843.832271239,True,False,False,8.09009578318096,819.0,0.1740110971122678,0.1540752271683221,0.3524986250712731,0.319418894590245,0.2463122180254199,0.2423523832944668,0.1855413453772435,0.156263955278377,0.3471703915334787,0.3110264659078566,0.0747555073939301,-0.0705221558007975,-0.0188936531622936,0.0146630390278298,https://img.a.transfermarkt.technology/portrait/header/191217-1676903202.jpg?lm=1,https://www.transfermarkt.co.uk/hector-bellerin/profil/spieler/191217
451276,Dominik Szoboszlai,2021-01-01,41674500.00000001,20.186173853524984,407.4816148447357,28940625.000000004,1,0.0,0.0,0.0,0.0,327,0,5.0,1,2.0,4.5,2.5,24518499.405257817,False,False,True,8.09009578318096,296.0,0.3280254376881402,0.145556190488383,0.3213557454202483,0.2050589357040952,0.3317067190670837,0.2054242595796746,0.3294186752604752,0.1343302910360775,0.3368142578023771,0.199431308972935,0.0172424509738371,0.0359720251222057,-0.0266390235204883,-0.0265640809319271,https://img.a.transfermarkt.technology/portrait/header/451276-1700209677.jpg?lm=1,https://www.transfermarkt.co.uk/dominik-szoboszlai/profil/spieler/451276
401922,Samuel Chukwueze,2023-07-27,22155000.0,24.18069815195072,584.7061631157529,26250000.0,1,0.0,0.0,0.0,0.0,127,0,4.928131416837783,0,5.0,4.5,-0.5,19621631.77463573,False,False,False,8.077136638538454,1226.0,0.3851525602077023,0.179588310760754,0.2687938485170751,0.1664677312115624,0.3230440546754985,0.1935335397960866,0.4023123222868468,0.1875444366529486,0.2496805016113442,0.1604627399574818,-0.0475902356464385,0.0518513329116692,0.014180344408706,-0.0184327967670753,https://img.a.transfermarkt.technology/portrait/header/401922-1692277617.jpg?lm=1,https://www.transfermarkt.co.uk/samuel-chukwueze/profil/spieler/401922
348795,Giovani Lo Celso,2020-07-01,38896200.00000001,24.22724161533197,586.9592362876731,48620250.00000001,1,0.0,0.0,0.0,0.0,110,0,5.0,0,5.0,5.0,0.0,30187352.381927405,False,False,True,8.074960359115858,1749.0,0.1079687781232974,0.0689972394133267,0.5092770207121244,0.3137581755185632,0.1943629204159749,0.1983672723000495,0.1093820337387722,0.0705235494945701,0.5028273452394482,0.317274207568426,-0.0179666451208171,-0.0103804300752314,0.0313461706940605,-0.0029945534127884,https://img.a.transfermarkt.technology/portrait/header/348795-1726734706.jpg?lm=1,https://www.transfermarkt.co.uk/giovani-lo-celso/profil/spieler/348795
159372,Felipe Anderson,2018-07-15,50923634.343750015,25.24845995893224,637.4847302978045,40202869.218750015,1,1.0,0.0,0.0,0.0,90,0,5.0,0,4.5,5.0,0.5,15671832.225266606,False,False,False,8.074649075066652,1288.0,0.2694204230057566,0.1134492677529999,0.3970810502015776,0.2200288680512301,0.3194806349912473,0.20081425782842,0.3117991446924233,0.1149475394009676,0.3750616114485323,0.1981559469818044,-0.0349731540399347,0.0341910833353831,0.005137748921699,-0.0043428070395482,https://img.a.transfermarkt.technology/portrait/header/159372-1692963183.jpg?lm=1,https://www.transfermarkt.co.uk/felipe-anderson/profil/spieler/159372
59641,Denis Odoi,2022-01-31,771750.0,33.68104038329911,1134.4124813014255,551250.0,1,0.0,0.0,0.0,0.0,120,0,4.410677618069816,1,5.0,2.5,-2.5,3572694.4401604766,True,False,False,8.027476530860483,681.0,0.1092589711816023,0.0780842276986346,0.4476008102312377,0.3650565600418554,0.2009366578724633,0.2292451647431236,0.1195584385087294,0.0745355445598359,0.4512404052205697,0.3546665088795411,-0.0027340653872598,-0.0299966018885833,0.0256930534021549,0.0070479398542517,https://img.a.transfermarkt.technology/portrait/header/59641-1643672368.jpg?lm=1,https://www.transfermarkt.co.uk/denis-odoi/profil/spieler/59641
676318,Facundo Pellistri,2024-08-21,6000000.0,22.6694045174538,513.9019011759547,10000000.0,1,0.0,0.0,0.2033395878026906,1.0089686098654709,31,1,3.8576317590691303,0,5.0,2.0,-3.0,2770833.333333333,False,False,False,8.012018239159062,1463.0,0.3205120886036192,0.1472529606098205,0.3063804717531887,0.2258578358657796,0.3262014407057569,0.2282140335704607,0.3447947956005303,0.1471110612783044,0.2905424638735147,0.2175483866675197,-0.0282220809348001,-9.01574692767082e-05,0.033092638130824,-0.0047855478763266,https://img.a.transfermarkt.technology/portrait/header/676318-1735060861.jpg?lm=1,https://www.transfermarkt.co.uk/facundo-pellistri/profil/spieler/676318
601883,Matheus Nunes,2023-09-01,65100000.0,25.01300479123888,625.6504086865391,47250000.0,1,0.0,0.0,0.0,0.0,180,0,4.829568788501026,0,5.0,5.0,0.0,50619911.73347057,False,False,True,8.005700678662542,1985.0,0.2610343828732704,0.1741335222551653,0.3326063821186095,0.2322259291355157,0.3021436848649906,0.2202346257207049,0.267912753012271,0.1720940494748288,0.3308688007009603,0.2291236693592537,0.0239520640934821,-0.0338025328142565,-0.0068530112491708,0.016699293227409,https://img.a.transfermarkt.technology/portrait/header/601883-1693561106.jpg?lm=1,https://www.transfermarkt.co.uk/matheus-nunes/profil/spieler/601883
187587,Ante Rebić,2020-09-12,8143891.875000002,26.976043805612598,727.7069394023296,38896200.00000001,1,0.2931596091205212,0.2931596091205212,0.2083611825,0.3571428571428571,307,1,4.7967145790554415,0,4.5,4.5,0.0,25810151.466698594,False,False,False,7.992268643270745,722.0,0.182879539853542,0.099182012801159,0.4548874081975106,0.2630476450089631,0.2632962292922418,0.2051552552209858,0.1829467214035022,0.0982403207657888,0.4459923425370521,0.2728191575166959,0.0925787616800803,-0.081514867948122,-0.0585064835589706,0.0474277716923269,https://img.a.transfermarkt.technology/portrait/header/187587-1596115623.jpg?lm=1,https://www.transfermarkt.co.uk/ante-rebic/profil/spieler/187587
176553,Aymeric Laporte,2018-01-30,87106216.64062503,23.679671457905545,560.7268403543466,33502391.01562501,1,0.0,0.4285714285714286,0.0,0.0,630,0,5.0,1,5.0,5.0,0.0,46254510.306429766,True,False,False,7.980365765111246,2789.0,0.3377060625832184,0.1636147051947644,0.3139154093466255,0.1847591791799181,0.3259030704610304,0.1926521365158548,0.3460466173708733,0.1637449185075086,0.3015266091219763,0.1886812373949806,0.0051645464307791,-0.0042612719858793,-0.0016719824058132,0.0007689898530237,https://img.a.transfermarkt.technology/portrait/header/176553-1685546335.jpg?lm=1,https://www.transfermarkt.co.uk/aymeric-laporte/profil/spieler/176553
127187,Abdoulaye Doucouré,2020-09-08,26741137.500000004,27.685147159479808,766.4673732420529,24310125.000000004,1,0.0,0.0,0.1238915432903225,1.161290322580645,325,1,4.80766598220397,0,5.0,5.0,0.0,20665253.86846964,False,False,True,7.972810784121404,1294.0,0.2945234561788625,0.1127233597327923,0.3856225954253098,0.2071249784272292,0.3259475996958357,0.1971441215926284,0.2933063107539393,0.1118210325026714,0.3859152802516849,0.2089489493491858,-0.0484533018797234,0.0597915040542593,0.0084532688317545,-0.0197892568533668,https://img.a.transfermarkt.technology/portrait/header/127187-1687966805.jpg?lm=1,https://www.transfermarkt.co.uk/abdoulaye-doucoure/profil/spieler/127187
242631,Alex Iwobi,2023-09-01,26985000.0,27.329226557152637,746.8866242121768,29400000.0,1,0.0,0.0,0.0,0.0,141,0,4.829568788501026,0,5.0,5.0,0.0,10772874.0,False,False,False,7.966239776559467,1388.0,0.1756670209360966,0.121417463011975,0.4054702340377283,0.2974501122868918,0.2586757226559139,0.2262392444800134,0.1769063049333514,0.1248553488947879,0.4030894933338392,0.2951524275459567,0.0312201362952149,-0.0480505082403664,0.0001917105720231,0.016641444004922,https://img.a.transfermarkt.technology/portrait/header/242631-1679652866.jpg?lm=1,https://www.transfermarkt.co.uk/alex-iwobi/profil/spieler/242631
553062,Vítor Carvalho,2023-07-01,2205000.0,26.094455852156056,680.9206262201214,5250000.0,1,0.0,0.0,0.0,0.0,253,0,4.999315537303217,0,3.0,3.0,0.0,2610068.650960728,False,False,True,7.96311205897929,803.0,0.2649936915108088,0.1453630479265388,0.3427181801756112,0.2469293559826184,0.3056806383146656,0.2227087365849901,0.2673658355423183,0.1476824829849766,0.3391501423271374,0.2458054268525478,0.0570815786704694,-0.0264347985816861,-0.045557610798239,0.0149056002519227,https://img.a.transfermarkt.technology/portrait/header/553062-1558111186.jpg?lm=1,https://www.transfermarkt.co.uk/vitor-carvalho/profil/spieler/553062
620322,Malo Gusto,2023-01-29,31500000.0,19.698836413415467,388.0441560425032,15750000.0,1,0.0,0.0,0.0,0.0,79,0,5.0,1,4.0,5.0,1.0,47707552.35112758,True,False,False,7.962763930168115,1183.0,0.2880535690429857,0.1211394466451965,0.3855198853857133,0.2052863296088919,0.3182032970922401,0.1973295952053115,0.2821308682971273,0.1174021854958741,0.4024429024944915,0.1980295136778005,0.0920458557045361,-0.0954341887759453,-0.0424714774594638,0.0458644396896975,https://img.a.transfermarkt.technology/portrait/header/620322-1672831209.jpg?lm=1,https://www.transfermarkt.co.uk/malo-gusto/profil/spieler/620322
601883,Matheus Nunes,2022-08-18,52258500.0,23.97535934291581,574.8178556219406,38587500.0,1,0.5,0.5,0.0,0.0,180,0,5.0,0,3.0,5.0,2.0,21061728.54673125,False,False,True,7.9483852851118995,1831.0,0.3483295440673828,0.1640201096821168,0.2912570724217714,0.1963941796508357,0.331732924184354,0.2144403816674403,0.3599097152996792,0.1678758414342522,0.2826104967422427,0.1896087322514457,0.0227693415026662,-0.0290141150987794,-0.0111635828470112,0.0174109007240606,https://img.a.transfermarkt.technology/portrait/header/601883-1693561106.jpg?lm=1,https://www.transfermarkt.co.uk/matheus-nunes/profil/spieler/601883
74230,Pablo Sarabia,2019-07-02,22973068.125000007,27.14031485284052,736.5966903113158,51051262.500000015,1,0.5,0.0,0.3571842889726027,3.6986301369863015,180,1,5.0,0,5.0,4.0,-1.0,51873037.17397438,False,False,False,7.939871576361883,1851.0,0.2377326051762336,0.117310924353297,0.4068185204025344,0.2381410034571217,0.2887515663292797,0.2105358893927848,0.2714255406162886,0.1283438572690948,0.3793572221276494,0.2208714979766505,-0.0166832350880634,-0.0136575566485142,0.0238709980462358,0.0064606895441738,https://img.a.transfermarkt.technology/portrait/header/74230-1602692460.jpg?lm=1,https://www.transfermarkt.co.uk/pablo-sarabia/profil/spieler/74230
182904,Clément Lenglet,2018-07-12,48109433.49843752,23.069130732375086,532.1847927474126,48243443.062500015,1,0.0,0.0,0.0,0.0,90,0,5.0,0,5.0,5.0,0.0,56061879.30262092,True,False,False,7.932362154339751,1010.0,0.4072460017041629,0.1389349863815992,0.2927531545423306,0.1610805258074611,0.335086219384854,0.1836014227527387,0.4343620829856838,0.1399891031602866,0.2744804436906475,0.151179432143947,-0.0318434189501599,0.0154368796252707,0.011878180585639,0.0045250210876535,https://img.a.transfermarkt.technology/portrait/header/182904-1599988301.jpg?lm=1,https://www.transfermarkt.co.uk/clement-lenglet/profil/spieler/182904
179635,Philipp Förster,2022-07-01,551250.0,27.4031485284052,750.932549269836,2756250.0,1,0.0,0.0,0.0,0.0,16,0,0.4928131416837782,0,4.5,4.5,0.0,0.0,False,False,True,7.922261058353247,860.0,0.3754450521652449,0.1094254641417018,0.3394212276554211,0.1756875913645592,0.3476055108776858,0.1917582532225104,0.4009499784743621,0.1084717031843586,0.315505487950071,0.1750457324026739,-0.0246245640117429,0.0314362861271687,-0.0080725259008056,0.0012824797967974,https://img.a.transfermarkt.technology/portrait/header/179635-1657283894.jpg?lm=1,https://www.transfermarkt.co.uk/philipp-forster/profil/spieler/179635
249126,Harry Winks,2023-07-01,12180000.0,27.408624229979463,751.2326821802175,10500000.0,1,0.0,0.0,0.0,0.0,442,0,2.9979466119096507,0,5.0,5.0,0.0,27664524.93907728,False,False,True,7.918264686095274,1025.0,0.2325854443843922,0.1603328124155376,0.3208091191280001,0.2862686718456604,0.2904370799851988,0.2504979166472598,0.2480303998985609,0.1594573765353123,0.3154751006239664,0.2770286471692081,0.0680520157194568,-0.0359364369752752,-0.0613604032195171,0.0292445861172367,https://img.a.transfermarkt.technology/portrait/header/249126-1663679564.jpg?lm=1,https://www.transfermarkt.co.uk/harry-winks/profil/spieler/249126
125165,Jesús Corona,2022-01-14,3307500.0,29.021218343600275,842.2311141469211,24255000.0,1,0.0,0.0,0.0,0.0,220,0,0.4928131416837782,1,3.0,5.0,2.0,16706871.74322021,False,False,False,7.91644286012226,644.0,0.1576277180685261,0.1304029501602189,0.391896534209615,0.320076370100086,0.2221996318377417,0.2332471316011598,0.1509095390803151,0.1313398500802776,0.3727004330873051,0.3450518906958997,0.0368346434745487,-0.0197059284300027,-0.0245920641911246,0.0074722217617894,https://img.a.transfermarkt.technology/portrait/header/125165-1606396675.png?lm=1,https://www.transfermarkt.co.uk/jesus-corona/profil/spieler/125165
182906,Mike Maignan,2021-07-01,18985050.000000004,25.9958932238193,675.7864645042142,28940625.000000004,1,0.0,0.0,0.0,0.0,270,0,4.996577686516085,0,4.0,4.5,0.5,24072615.310922,False,True,False,7.916078096302786,372.0,0.3251271282669401,0.2049818052862682,0.2914515140282847,0.1784252097136782,0.3086931939640979,0.1987152677613856,0.3313383948399105,0.2099734424930968,0.2831076347799795,0.1755621279283428,-0.0446648119794789,0.0389969852616073,0.0109572818595324,-0.0052778504050308,https://img.a.transfermarkt.technology/portrait/header/182906-1681459155.jpg?lm=1,https://www.transfermarkt.co.uk/mike-maignan/profil/spieler/182906
708265,Bradley Barcola,2023-08-31,47250000.0,20.993839835728952,440.7413110482398,18900000.0,1,0.0,0.0,0.0,0.0,270,0,4.832306639288158,0,4.0,4.0,0.0,41616939.39832114,False,False,False,7.914983005848394,1250.0,0.3834061613908683,0.1858370679549418,0.2553115387576141,0.175445889747182,0.3326102961975543,0.2020190279141442,0.3874732604097038,0.1823919608997462,0.2574960104012889,0.172634438887863,0.0074546448835456,-0.0152946198123016,-0.0041756535411273,0.0120164903946675,https://img.a.transfermarkt.technology/portrait/header/708265-1653406915.jpg?lm=1,https://www.transfermarkt.co.uk/bradley-barcola/profil/spieler/708265
463603,Benoît Badiashile,2023-01-05,39900000.0,21.779603011635867,474.3511073444581,42000000.0,1,0.0,0.0,0.0,0.0,90,0,5.0,1,4.0,5.0,1.0,47456575.81731982,True,False,False,7.898411092811599,1897.0,0.3280584581893762,0.1646663671439682,0.3260294926999051,0.1812238679066809,0.3247151395412774,0.1883821554187607,0.3282071531032051,0.1474781324790104,0.3466738899079778,0.1776260910555474,0.0679844133612526,-0.0895632221686695,-0.0216826508688827,0.043272093073851,https://img.a.transfermarkt.technology/portrait/header/463603-1714721596.jpg?lm=1,https://www.transfermarkt.co.uk/benoit-badiashile/profil/spieler/463603
290532,Saïd Benrahma,2021-01-29,26741137.500000004,25.472963723477072,648.8718808575788,25467750.000000004,1,0.0,0.233160621761658,0.0,0.0,772,0,5.0,1,5.0,5.0,0.0,23984699.46935382,False,False,False,7.866722285136729,669.0,0.1187456882804449,0.0823213074104917,0.4495633921008899,0.3493646024926308,0.2196585696730775,0.2255960097129498,0.1195176042459864,0.0814599435103671,0.4478808771263712,0.3511380684708975,0.052127620115146,-0.0081099630199097,-0.0776697063819479,0.0336679785019008,https://img.a.transfermarkt.technology/portrait/header/290532-1686212081.jpg?lm=1,https://www.transfermarkt.co.uk/said-benrahma/profil/spieler/290532
51152,Aleksandar Mitrović,2023-08-19,55230000.0,28.92265571526352,836.5200136236654,29400000.0,1,0.0,0.0,0.0,0.0,32,0,2.863791923340178,0,5.0,2.0,-3.0,42525000.0,False,False,False,7.86480400332846,770.0,0.2306766986297361,0.1385510532937506,0.4024959158265402,0.228286262479966,0.2837481696762928,0.198933406206766,0.2311991131195621,0.1365278726611176,0.4011475846758651,0.2311315834915235,-0.0107073826673781,-0.0037122097559994,0.0242150691961703,-0.0098003042259238,https://img.a.transfermarkt.technology/portrait/header/51152-1697050954.png?lm=1,https://www.transfermarkt.co.uk/aleksandar-mitrovic/profil/spieler/51152
175639,Jonathan Clauss,2022-07-20,8268750.0,29.815195071868583,888.9458571735767,16537500.0,1,0.0,0.0,0.0,0.0,90,0,3.9452429842573578,0,4.0,4.0,0.0,12019188.949184485,True,False,False,7.848933726364071,419.0,0.3048467047972013,0.1167919060664657,0.3836978968933724,0.1946682315799615,0.3135041791896401,0.1874739624101844,0.3342108095135491,0.122059107234339,0.3601422820728953,0.183589389026736,0.0844067886278994,-0.0677372290260078,-0.0260866536507401,0.0093889566880465,https://img.a.transfermarkt.technology/portrait/header/175639-1739971203.jpg?lm=1,https://www.transfermarkt.co.uk/jonathan-clauss/profil/spieler/175639
480763,Juan Foyth,2021-07-01,17364375.000000004,23.46611909650924,550.6587454515555,13891500.000000002,1,0.0,0.0,0.0,0.0,88,0,4.996577686516085,0,5.0,5.0,0.0,13612866.387035102,True,False,False,7.83161727635261,108.0,0.2575131841270198,0.1137772969919315,0.3363155125624798,0.2923869344334076,0.3234888614384404,0.2549722998697819,0.2651944602789629,0.1102015323437792,0.3342826924835673,0.2903138080663541,0.1281256533340984,-0.0636059133147946,-0.0915602895359466,0.0270609021996917,https://img.a.transfermarkt.technology/portrait/header/480763-1662668281.jpg?lm=1,https://www.transfermarkt.co.uk/juan-foyth/profil/spieler/480763
330659,Justin Kluivert,2018-07-01,23116649.800781257,19.156741957563312,366.98076242866665,20101434.609375007,1,1.0,0.0,0.0,0.0,90,0,5.0,0,3.0,4.5,1.5,12567008.425919466,False,False,True,7.829630389150193,405.0,0.2574555062697411,0.1753602337182588,0.319653141797419,0.2475269558986629,0.2940510207896347,0.2268774073395025,0.2593423068372071,0.1773278003380911,0.3128019741555178,0.2505268777411858,-0.0051769169504413,0.0641757819342553,-0.0257485572200363,-0.0332314706371438,https://img.a.transfermarkt.technology/portrait/header/330659-1596107153.jpg?lm=1,https://www.transfermarkt.co.uk/justin-kluivert/profil/spieler/330659
284165,Steven Bergwijn,2020-01-29,36465187.50000001,22.308008213552363,497.64723045591967,42542718.75000001,1,0.1570680628272251,0.6282722513089005,0.0,0.0,573,0,5.0,1,3.0,5.0,2.0,29559568.870120145,False,False,False,7.821643126239982,1464.0,0.2324807694577042,0.1143539190005452,0.4044665945996446,0.2486888795218408,0.2890133230987991,0.2057537651684016,0.2487936096641673,0.1169912349242958,0.3876892083161386,0.2465180002318425,0.0445026245397383,-0.0590509320530177,-0.0038776703486904,0.0184279070812778,https://img.a.transfermarkt.technology/portrait/header/284165-1660913350.jpg?lm=1,https://www.transfermarkt.co.uk/steven-bergwijn/profil/spieler/284165
293200,Nikola Vlašić,2021-08-31,34728750.00000001,23.906913073237508,571.5404926913345,34728750.00000001,1,0.0,0.2941176470588235,0.0,0.0,306,0,5.0,0,2.5,5.0,2.5,23857602.69384998,False,False,True,7.816416983691801,1315.0,0.3840717192619077,0.191343750492219,0.2678020385003859,0.1567847405710528,0.3185029782107813,0.1852473616421453,0.3952994356246621,0.1884981769862305,0.2648006498365497,0.1514034142664455,-0.0044126771936003,0.0126455580604802,0.003296958930826,-0.0115323700115868,https://img.a.transfermarkt.technology/portrait/header/293200-1695028630.jpg?lm=1,https://www.transfermarkt.co.uk/nikola-vlasic/profil/spieler/293200
566931,Xavi Simons,2023-07-18,4200000.0,20.240930869267626,409.6952824544711,42000000.0,1,1.5,0.0,0.0,0.0,180,0,3.9507186858316223,0,3.0,4.0,1.0,43487786.36823719,False,False,True,7.8156105320351905,673.0,0.3509316987044586,0.1404974862776811,0.3336163875650647,0.1749604158193666,0.3340153249272065,0.1915685165992973,0.3329324491281656,0.1347954003931461,0.3475661889008023,0.1847131419092682,0.0250294009513502,-0.040573248134286,-0.0199802395483843,0.0355366787178496,https://img.a.transfermarkt.technology/portrait/header/566931-1729778226.jpg?lm=1,https://www.transfermarkt.co.uk/xavi-simons/profil/spieler/566931
121477,Craig Dawson,2023-01-22,3937500.0,32.71457905544148,1070.24368277473,2625000.0,1,0.0,0.0,0.0,0.0,360,0,2.43668720054757,1,5.0,5.0,0.0,21306812.010577302,True,False,False,7.80954132465341,299.0,0.0849494949570042,0.0571270383957968,0.4774824940863054,0.3804350902140745,0.1701386181103471,0.2194893447136028,0.097396691102936,0.0611910698585595,0.4530065873646093,0.3883958309484678,0.1558445305789619,-0.1061494005388033,-0.1060964030700789,0.0564136365346353,https://img.a.transfermarkt.technology/portrait/header/121477-1700673087.jpg?lm=1,https://www.transfermarkt.co.uk/craig-dawson/profil/spieler/121477
36139,Dušan Tadić,2018-07-03,18359310.276562504,29.61533196440794,877.0678873620826,20101434.609375007,1,0.0,0.0,0.042515661235955,2.696629213483146,243,1,5.0,0,5.0,3.0,-2.0,8270085.79028209,False,False,True,7.808323050391055,442.0,0.1903764383579657,0.077966904058689,0.5139351139223672,0.2177005364642879,0.2474092059336327,0.1636213889357396,0.1849506450567825,0.0787645625600062,0.5173417963162341,0.2189132821609672,0.0136346761163696,-0.0538072273185069,0.0084225483850739,0.0317664703513965,https://img.a.transfermarkt.technology/portrait/header/36139-1728391824.JPG?lm=1,https://www.transfermarkt.co.uk/dusan-tadic/profil/spieler/36139
146227,Jasper Cillessen,2019-07-01,44669854.687500015,30.190280629705683,911.453044500382,22973068.125000007,1,0.0,0.0,0.0,0.0,360,1,5.0,0,5.0,5.0,0.0,17974139.996598568,False,True,False,7.777373602657861,447.0,0.3718728647292035,0.1667556858662539,0.2785038370256404,0.1828665103552476,0.3338615346009651,0.2122313761099133,0.3804030515159139,0.1654824971868504,0.2751141671183275,0.1789994377813934,0.0704078640824488,-0.0990626282182264,-0.0494391699096118,0.0780961284208335,https://img.a.transfermarkt.technology/portrait/header/146227-1660814229.jpg?lm=1,https://www.transfermarkt.co.uk/jasper-cillessen/profil/spieler/146227
66100,Oriol Romeu,2023-07-19,3570000.0,31.81656399726215,1012.293744591878,5250000.0,1,0.0,0.0,0.0,0.0,270,0,1.949349760438056,0,5.0,5.0,0.0,56320227.13668557,False,False,True,7.728855823852543,1263.0,0.3204377688152689,0.185638750103158,0.2766865441496943,0.2172421737455986,0.3152479881178975,0.2202832672798009,0.3529309227034546,0.1938359620674292,0.2549079403861355,0.1983292923179665,0.0123557108564962,0.0065303475883395,-0.0017040038666366,-0.0171848116876789,https://img.a.transfermarkt.technology/portrait/header/66100-1701118491.jpg?lm=1,https://www.transfermarkt.co.uk/oriol-romeu/profil/spieler/66100
91849,Thomas Delaney,2021-08-25,6945750.000000001,29.976728268309376,898.6042376720585,17364375.000000004,1,0.0,0.0,0.0663428820695364,0.4470198675496689,22,1,4.84599589322382,0,4.5,5.0,0.5,17113585.149187718,False,False,True,7.720461694599722,533.0,0.1823376360544881,0.0976084249050311,0.4266330263533171,0.2934197799608118,0.2743938275574525,0.2303648494716597,0.1889618378306844,0.0984705051149199,0.4286592762049971,0.2839082284333398,0.1057752906075919,-0.0971283226383488,-0.0802396602334248,0.0715977756713789,https://img.a.transfermarkt.technology/portrait/header/91849-1668183672.jpg?lm=1,https://www.transfermarkt.co.uk/thomas-delaney/profil/spieler/91849
413843,Keven Schlotterbeck,2024-07-01,2500000.0,27.17590691307324,738.5299165480218,6000000.0,1,0.3333333333333333,0.0,0.0,0.9782608695652176,270,1,2.9952087611225187,0,4.5,4.5,0.0,4389842.098069454,True,False,False,7.718685495198466,487.0,0.1285452039149561,0.0752416180737445,0.4449481650318979,0.3512709716416932,0.2245215444500228,0.2347608218589121,0.1391977165198465,0.0729667878553837,0.4368539975734664,0.3509879679938611,0.0064854211326688,-0.0031359435126313,-0.0143164749172883,0.0109491088938183,https://img.a.transfermarkt.technology/portrait/header/413843-1722849820.jpg?lm=1,https://www.transfermarkt.co.uk/keven-schlotterbeck/profil/spieler/413843
1012534,Yankuba Minteh,2024-07-01,35000000.0,19.942505133470227,397.7035109984864,16000000.0,1,0.9278350515463918,0.0,0.0,0.0,97,0,4.996577686516085,0,5.0,5.0,0.0,14483674.2684375,False,False,False,7.717351272185329,1794.0,0.4440276297945479,0.3033563880546753,0.1431630712901495,0.1094569990068063,0.2968901815583136,0.1716206340925836,0.45490485744399,0.3045254974771621,0.135225576487984,0.1053411132486664,0.0210756174322649,-0.0354794706337187,-0.0181995081661624,0.0326031836050889,https://img.a.transfermarkt.technology/portrait/header/1012534-1694774813.jpg?lm=1,https://www.transfermarkt.co.uk/yankuba-minteh/profil/spieler/1012534
182381,Quincy Promes,2021-02-24,9839812.500000002,29.14168377823409,849.2377334305917,17364375.000000004,1,0.2493074792243767,0.0,0.0,0.0,361,0,0.4928131416837782,0,3.0,2.5,-0.5,7829025.110156253,False,False,False,7.695757990554761,296.0,0.1639609714331032,0.1233983790473139,0.4168464202464332,0.2957989221491306,0.2370500690893716,0.225145935357438,0.151997105222899,0.1270986010549401,0.4077109106844571,0.3131940736867512,0.0241619454328899,0.0194897362378098,-0.0636667579414659,0.0200324338914793,https://img.a.transfermarkt.technology/portrait/header/182381-1632578100.png?lm=1,https://www.transfermarkt.co.uk/quincy-promes/profil/spieler/182381
535955,Nuno Tavares,2021-07-10,9261000.000000002,21.453798767967147,460.2654815764287,8103375.000000001,1,0.0,0.0,0.0,0.0,172,0,3.972621492128679,0,3.0,5.0,2.0,43005462.87811708,True,False,False,7.684783943522785,2009.0,0.3176777040399097,0.2147277930293921,0.2210652510178889,0.2465361706576659,0.3203436787105604,0.2642763976575673,0.3016161289073836,0.2170701171100842,0.223593216323615,0.2577329411749044,0.0132102153010831,-0.0055970185559112,-0.0156939221103573,0.0080803157204912,https://img.a.transfermarkt.technology/portrait/header/535955-1730127360.jpg?lm=1,https://www.transfermarkt.co.uk/nuno-tavares/profil/spieler/535955
59349,Diego Mariño,2023-01-26,84000.0,32.71731690622861,1070.4228255425924,840000.0,1,0.0,0.0,0.0,0.0,270,1,0.4928131416837782,1,5.0,5.0,0.0,4961250.0,False,True,False,7.678326356506885,85.0,0.1066821186630814,0.0703880769235116,0.4563436578821253,0.3665870984395345,0.1676575721112956,0.1878049449362795,0.1176433688094029,0.0772818190583775,0.4511443053995906,0.3539257275947578,0.0180955069257283,-0.0041230552856179,-0.016312889024323,0.0023654702961574,https://img.a.transfermarkt.technology/portrait/header/59349-1664288504.jpg?lm=1,https://www.transfermarkt.co.uk/diego-marino/profil/spieler/59349
327757,Krzysztof Piatek,2019-01-23,44669854.687500015,23.564681724846,555.2942247932909,19144223.437500004,1,0.9130434782608696,0.0,0.0,0.0,690,0,5.0,1,4.5,4.5,0.0,31447325.45491432,False,False,False,7.674617497364363,1618.0,0.341380436624293,0.1716042876686748,0.2971758824741973,0.189840572031014,0.3293436956303349,0.2056114561786261,0.3441437731634215,0.1653475914604172,0.3019474584479267,0.1885662265803105,0.0261409507659191,-0.0256509934088002,-0.020652825853369,0.0201598507216387,https://img.a.transfermarkt.technology/portrait/header/327757-1739883988.JPG?lm=1,https://www.transfermarkt.co.uk/krzysztof-piatek/profil/spieler/327757
166237,Leandro Paredes,2019-01-29,51051262.500000015,24.58590006844627,604.4664821756264,31907039.062500007,1,0.5521472392638037,0.0,0.0,0.0,163,0,5.0,1,2.5,4.0,1.5,51964345.47108265,False,False,True,7.671360923190644,1081.0,0.3587314347842912,0.158924826597556,0.2952692169687409,0.1870752152307328,0.3338808068710108,0.1970447522397868,0.3842334966614315,0.1611108225891386,0.2795030664178654,0.1751512957330605,0.0071970951368249,-0.0199569397103611,0.0008676143071661,0.0118841190220958,https://img.a.transfermarkt.technology/portrait/header/166237-1692881087.jpg?lm=1,https://www.transfermarkt.co.uk/leandro-paredes/profil/spieler/166237
199248,Bryan Cristante,2018-07-01,12730908.585937504,23.329226557152637,544.2528117549557,33502391.01562501,1,0.0,0.0,0.0,0.0,216,0,5.0,0,3.0,4.5,1.5,4585676.064520608,False,False,True,7.667158255319148,554.0,0.3380180244588673,0.1478006598654757,0.3394032810511214,0.1747755772165591,0.3233446341771905,0.1805124286714689,0.3766092208593422,0.1447928643769666,0.3199729185839006,0.1586338264255511,-0.1243529195136535,0.1109495495258613,0.0384539361239192,-0.0251036903821725,https://img.a.transfermarkt.technology/portrait/header/199248-1724827920.jpg?lm=1,https://www.transfermarkt.co.uk/bryan-cristante/profil/spieler/199248
199248,Bryan Cristante,2018-07-01,12730908.585937504,23.329226557152637,544.2528117549557,33502391.01562501,1,0.0,0.0,0.0,0.0,216,0,5.0,0,3.0,4.5,1.5,5749280.710437306,False,False,True,7.667158255319148,554.0,0.3380180244588673,0.1478006598654757,0.3394032810511214,0.1747755772165591,0.3233446341771905,0.1805124286714689,0.3766092208593422,0.1447928643769666,0.3199729185839006,0.1586338264255511,-0.1243529195136535,0.1109495495258613,0.0384539361239192,-0.0251036903821725,https://img.a.transfermarkt.technology/portrait/header/199248-1724827920.jpg?lm=1,https://www.transfermarkt.co.uk/bryan-cristante/profil/spieler/199248
262939,Johan Mojica,2018-07-01,6700478.203125002,25.859000684462696,668.6879163990423,5360382.562500002,1,0.0,0.0,0.0063310482514285,0.4114285714285715,180,1,5.0,0,5.0,5.0,0.0,0.0,True,False,False,7.605392364814934,745.0,0.147442050189136,0.053032392524628,0.5897876275963042,0.2097314515436788,0.2089179413556979,0.1442788718918292,0.1375636436094429,0.0556904781142786,0.5845191988519545,0.2222273991331675,-0.0102169336898176,-0.0200566308307578,0.0363613050989124,-0.0060857274200244,https://img.a.transfermarkt.technology/portrait/header/262939-1541161893.jpg?lm=1,https://www.transfermarkt.co.uk/johan-mojica/profil/spieler/262939
336869,Marc Roca,2022-07-01,13230000.0,25.593429158110883,655.0236160712403,7717500.0,1,0.0,0.0,0.0,0.0,18,0,5.0,0,4.5,5.0,0.5,12965750.230490249,False,False,True,7.602401335665818,525.0,0.3137380826723325,0.1515290739533903,0.2994378668206793,0.235315528663841,0.326978691106936,0.2251278062540832,0.3244827305082015,0.1446051768597375,0.303563144518647,0.2273715442000553,-9.87248225392534e-07,0.0449681593837477,-0.0232156141130597,-0.0217715869742236,https://img.a.transfermarkt.technology/portrait/header/336869-1719579269.jpg?lm=1,https://www.transfermarkt.co.uk/marc-roca/profil/spieler/336869
182932,Davy Klaassen,2020-10-05,14221423.125000002,27.61943874058864,762.8333963451284,14586075.000000002,1,0.0,0.0,0.0,0.0,270,0,4.733744010951403,0,4.5,3.0,-1.5,9897866.413732262,False,False,True,7.589841512182657,1617.0,0.1987957643268683,0.1403621737258749,0.3852802019982731,0.2755585334249139,0.2598890755927504,0.2229874031329322,0.181984547246336,0.1370119374318859,0.4026789209145142,0.2783109864313334,-0.0029927843768983,0.008389237823554,0.0007991185114821,-0.0061877631058029,https://img.a.transfermarkt.technology/portrait/header/182932-1726562366.jpg?lm=1,https://www.transfermarkt.co.uk/davy-klaassen/profil/spieler/182932
570817,Maxime Busi,2022-07-01,2205000.0,22.713210130047912,515.8899144117111,3858750.0,1,0.0,0.0,0.0,0.0,174,0,2.9979466119096507,0,4.5,4.0,-0.5,4571358.460705729,True,False,False,7.5883236773352225,424.0,0.1481813529342141,0.1174976692856747,0.3899174258339369,0.3444021972841767,0.2314529108743721,0.2350986551814605,0.149432118327048,0.1160355058161271,0.3901624118686419,0.3443785216842721,-0.0082235290908879,0.014054588107414,-0.008851475197972,0.0030272229815164,https://img.a.transfermarkt.technology/portrait/header/570817-1672838490.jpg?lm=1,https://www.transfermarkt.co.uk/maxime-busi/profil/spieler/570817
368887,Loïs Openda,2023-07-14,42000000.0,23.40588637919233,547.8355171956613,36750000.0,1,0.7725321888412017,0.3862660944206008,0.0,0.0,233,0,4.963723477070499,0,4.0,4.5,0.5,24478199.64315469,False,False,False,7.58629630715272,413.0,0.3632928102754699,0.1524217634636738,0.3007978758836155,0.1834905672799512,0.3308165636837301,0.1992949821423984,0.3687036506380057,0.1420086446655613,0.2961124990457629,0.1931781405568342,0.1218236634235501,-0.1141557671234006,-0.0723195560825862,0.0646259763734553,https://img.a.transfermarkt.technology/portrait/header/368887-1713944805.jpg?lm=1,https://www.transfermarkt.co.uk/lois-openda/profil/spieler/368887
553875,Pedro Porro,2022-07-01,9668925.0,22.798083504449007,519.7526114758299,27562500.0,1,0.5,0.0,0.0,0.0,180,0,5.0,0,5.0,3.0,-2.0,9256918.12601403,True,False,False,7.585281078639126,250.0,0.3662362912806069,0.1303051273997237,0.3408476162732132,0.1626097903988225,0.325204043115832,0.1761008031451606,0.3710779805718107,0.132634619969227,0.3297517135916487,0.1665382116415406,0.0562179933873618,-0.0189492398083694,-0.0323040347835881,-0.0049633305247236,https://img.a.transfermarkt.technology/portrait/header/553875-1730812390.jpg?lm=1,https://www.transfermarkt.co.uk/pedro-porro/profil/spieler/553875
423744,Billy Gilmour,2024-08-30,14000000.0,23.21971252566735,539.1550497746333,18000000.0,1,0.0,0.0,0.0,0.0,98,0,4.832306639288158,0,5.0,4.5,-0.5,20302557.88324306,False,False,True,7.559038255443384,877.0,0.2320248559544841,0.1300358660344227,0.3824788642290301,0.2554561931389225,0.2950731177638991,0.2187519903901709,0.2392534441459634,0.1223022766959143,0.3964953056939352,0.2419439815199012,0.0118023810083508,-0.0116690025206359,0.013760159473911,-0.0139020315261336,https://img.a.transfermarkt.technology/portrait/header/423744-1701544195.jpg?lm=1,https://www.transfermarkt.co.uk/billy-gilmour/profil/spieler/423744
196792,Julian Weigl,2020-01-01,24310125.000000004,24.314852840520192,591.2120686561528,27956643.750000004,1,0.1179554390563564,0.0,0.0,0.0,763,0,5.0,1,4.5,3.0,-1.5,11239145.123008642,False,False,True,7.552762084214147,706.0,0.1316031568632351,0.0791100249202858,0.4089825727808194,0.3802953885296198,0.2433573596374493,0.2359457918224034,0.1396017882470654,0.0840999136345844,0.4070129824490284,0.3692770978572431,0.1260918980096181,-0.0941185735464388,-0.0905173031938262,0.0585431638121747,https://img.a.transfermarkt.technology/portrait/header/196792-1662965628.jpg?lm=1,https://www.transfermarkt.co.uk/julian-weigl/profil/spieler/196792
45026,Rui Patrício,2021-07-13,13659975.000000002,33.4072553045859,1116.044706985783,11576250.000000002,1,0.0,0.0,0.0091365057181208,0.0,180,1,3.9644079397672822,0,5.0,4.5,-0.5,17253924.45828606,False,True,False,7.55171221535131,271.0,0.1475049297996276,0.0845985472734765,0.4448491315495886,0.3230429733043837,0.2391571764208168,0.2401776166627151,0.1589588781264574,0.0950685189051987,0.4184468528777699,0.3275244510927936,0.0788328268182949,-0.1121503236044779,-0.0599866018196483,0.0933240006897961,https://img.a.transfermarkt.technology/portrait/header/45026-1716296132.jpg?lm=1,https://www.transfermarkt.co.uk/rui-patricio/profil/spieler/45026
129476,Gerard Deulofeu,2021-01-30,19679625.000000004,26.885694729637237,722.8405810952434,13891500.000000002,1,0.0,0.3947368421052631,0.0,0.0,228,0,5.0,1,5.0,4.5,-0.5,4033439.020469621,False,False,False,7.538494999413465,408.0,0.1047033730406349,0.0761109332814892,0.5513332395380932,0.2678542172692962,0.1707493258001124,0.1780332819886464,0.099541439922676,0.0772746306410739,0.5359699806787627,0.2872136557394849,-0.022438267138655,0.0037785146362327,0.0094066565626584,0.0092126061532055,https://img.a.transfermarkt.technology/portrait/header/129476-1695029603.jpg?lm=1,https://www.transfermarkt.co.uk/gerard-deulofeu/profil/spieler/129476
314875,Jarrod Bowen,2020-01-31,25890283.125000004,23.1129363449692,534.2078264865982,0.0,0,0.0,0.0,0.0,0.0,119,0,5.0,1,5.0,5.0,0.0,25892657.12265997,False,False,False,7.517520850603031,545.0,0.4660629637543438,0.1443000988444276,0.2427182386853631,0.1469346046966337,0.3419100065581896,0.1911017212620606,0.4819937104009211,0.1507724273874022,0.2291850912644012,0.138075749144327,-0.0299118267085797,-0.030083345390495,0.0037853721660024,0.0561933899922983,https://img.a.transfermarkt.technology/portrait/header/314875-1662362005.jpg?lm=1,https://www.transfermarkt.co.uk/jarrod-bowen/profil/spieler/314875
1121298,Juma Bah,2025-01-01,125000.0,18.72689938398357,350.6967605378443,1000000.0,1,0.0,0.0,0.0,0.0,454,0,0.4928131416837782,1,2.0,5.0,3.0,2841403.3593750005,True,False,False,0.0,0.0,0.0,0.0,0.0,0.0,0.0,0.0,0.0,0.0,0.0,0.0,0.0,0.0,0.0,0.0,https://img.a.transfermarkt.technology/portrait/header/1121298-1732218272.jpg?lm=1,https://www.transfermarkt.co.uk/juma-bah/profil/spieler/1121298
1018259,Gift Orban,2025-01-02,9000000.0,22.46406570841889,504.6342481521615,10000000.0,1,0.0,0.0,0.0,0.0,62,0,4.490075290896646,1,4.0,4.5,0.5,8062844.964647816,False,False,False,0.0,0.0,0.0,0.0,0.0,0.0,0.0,0.0,0.0,0.0,0.0,0.0,0.0,0.0,0.0,0.0,https://img.a.transfermarkt.technology/portrait/header/1018259-1701690897.jpg?lm=1,https://www.transfermarkt.co.uk/gift-orban/profil/spieler/1018259
187097,Budu Zivzivadze,2025-01-03,2000000.0,30.819986310746064,949.8715561945749,1800000.0,1,0.0,0.75,0.0,0.0,120,0,4.487337440109514,1,2.0,4.5,2.5,3500000.0,False,False,False,0.6931471805599453,1.0,0.84619140625,0.12646484375,0.0164337158203125,0.0111465454101562,0.0,0.0,0.84619140625,0.12646484375,0.0164337158203125,0.0111465454101562,0.0,0.0,0.0,0.0,https://img.a.transfermarkt.technology/portrait/header/187097-1690132999.jpg?lm=1,https://www.transfermarkt.co.uk/budu-zivzivadze/profil/spieler/187097
725912,Antonín Kinský,2025-01-05,16500000.0,21.817932922655714,476.02219701750414,12000000.0,1,0.0,0.0,0.0,0.0,270,0,5.0,1,2.0,5.0,3.0,33156672.59078524,False,True,False,0.0,0.0,0.0,0.0,0.0,0.0,0.0,0.0,0.0,0.0,0.0,0.0,0.0,0.0,0.0,0.0,https://img.a.transfermarkt.technology/portrait/header/725912-1736157609.jpg?lm=1,https://www.transfermarkt.co.uk/antonin-kinsky/profil/spieler/725912
1061282,Assane Diao,2025-01-07,12000000.0,19.3347022587269,373.8307114336191,9000000.0,1,1.3235294117647058,0.0,0.0,0.0,68,0,4.476386036960986,1,5.0,4.5,-0.5,4076000.0,False,False,False,0.0,0.0,0.0,0.0,0.0,0.0,0.0,0.0,0.0,0.0,0.0,0.0,0.0,0.0,0.0,0.0,https://img.a.transfermarkt.technology/portrait/header/1061282-1699273116.jpg?lm=1,https://www.transfermarkt.co.uk/assane-diao/profil/spieler/1061282
923838,Steve Ngoura,2025-01-07,2300000.0,19.874058863791923,394.9782157214663,800000.0,1,0.0,0.4128440366972477,0.0,0.0,218,0,3.477070499657769,1,4.0,2.5,-1.5,1331268.7500000002,False,False,False,0.0,0.0,0.0,0.0,0.0,0.0,0.0,0.0,0.0,0.0,0.0,0.0,0.0,0.0,0.0,0.0,https://img.a.transfermarkt.technology/portrait/header/923838-1725962124.jpg?lm=1,https://www.transfermarkt.co.uk/steve-ngoura/profil/spieler/923838
585068,Aiham Ousou,2025-01-07,1800000.0,24.996577686516083,624.8288960380338,2200000.0,1,0.0,0.0,0.0,0.0,630,0,3.477070499657769,1,2.0,2.5,0.5,2047294.3148437503,True,False,False,0.0,0.0,0.0,0.0,0.0,0.0,0.0,0.0,0.0,0.0,0.0,0.0,0.0,0.0,0.0,0.0,https://img.a.transfermarkt.technology/portrait/header/585068-1697831156.png?lm=1,https://www.transfermarkt.co.uk/aiham-ousou/profil/spieler/585068
387990,Tom Vandenberghe,2025-01-07,250000.0,32.39151266255989,1049.2100925687778,400000.0,1,0.0,0.0,0.0,0.0,630,0,2.4750171115674195,1,2.5,2.5,0.0,2206982.3403238435,False,True,False,0.0,0.0,0.0,0.0,0.0,0.0,0.0,0.0,0.0,0.0,0.0,0.0,0.0,0.0,0.0,0.0,https://img.a.transfermarkt.technology/portrait/header/387990-1704726704.jpg?lm=1,https://www.transfermarkt.co.uk/tom-vandenberghe/profil/spieler/387990
191056,Brice Samba,2025-01-08,14000000.0,30.70773442847365,942.964953729666,15000000.0,1,0.0,0.0,0.0,0.0,450,0,4.473648186173854,1,4.0,4.0,0.0,15006523.348743208,False,True,False,4.859812404361672,48.0,0.1250441074371338,0.1296612024307251,0.4318416714668274,0.3134433627128601,0.1816870166587822,0.2214723973831915,0.1263151506124087,0.1412129851008798,0.4507247010475489,0.2817424354110653,0.00579301516215,-0.1068534652392069,-0.0050687988599141,0.1060966253280639,https://img.a.transfermarkt.technology/portrait/header/191056-1602242038.jpg?lm=1,https://www.transfermarkt.co.uk/brice-samba/profil/spieler/191056
293281,Jacob Bruun Larsen,2025-01-08,1700000.0,26.305270362765228,691.9672488581747,6000000.0,1,0.3982300884955752,0.1991150442477876,0.0,0.0,452,0,2.4722792607802875,1,4.5,4.5,0.0,5396789.004706223,False,False,False,0.0,0.0,0.0,0.0,0.0,0.0,0.0,0.0,0.0,0.0,0.0,0.0,0.0,0.0,0.0,0.0,https://img.a.transfermarkt.technology/portrait/header/293281-1657201254.jpg?lm=1,https://www.transfermarkt.co.uk/jacob-bruun-larsen/profil/spieler/293281
683895,Emmanuel Agbadou,2025-01-09,20000000.0,27.564681724846,759.8116785920589,10000000.0,1,0.0,0.0,0.0,0.0,360,0,4.470910335386721,1,4.0,5.0,1.0,20342677.128038757,True,False,False,3.218875824868201,14.0,0.3160743713378906,0.1617673238118489,0.4097843170166015,0.1122992833455403,0.2820669499209609,0.074319873989979,0.304751783032094,0.1694302704302381,0.4115419322746315,0.1142206627122158,0.1788924080984933,-0.2169927869524274,-0.0415077663603283,0.0796506972539992,https://img.a.transfermarkt.technology/portrait/header/683895-1723821154.png?lm=1,https://www.transfermarkt.co.uk/emmanuel-agbadou/profil/spieler/683895
345886,Rubén Vargas,2025-01-10,2500000.0,26.43394934976044,698.7536782257004,7000000.0,1,0.743801652892562,0.0,0.0,0.0,121,0,4.468172484599589,1,4.5,5.0,0.5,15996849.77073233,False,False,False,5.3471075307174685,36.0,0.1448300922886606,0.0875653353604403,0.3891502635901054,0.3784473181911633,0.2405475289322741,0.2558600152947347,0.1433261424917865,0.0894827415381663,0.3714205582435587,0.3957660398485619,0.1763053226825849,-0.0563149601775619,-0.2110236460448959,0.0910239556823113,https://img.a.transfermarkt.technology/portrait/header/345886-1722850174.jpg?lm=1,https://www.transfermarkt.co.uk/ruben-vargas/profil/spieler/345886
327251,Ridle Baku,2025-01-10,4500000.0,26.75975359342916,716.0844123810447,7000000.0,1,0.1666666666666666,0.5,0.0,0.0,540,0,2.466803559206024,1,4.5,4.5,0.0,23379666.41177716,True,False,False,4.143134726391533,16.0,0.2655226184475806,0.0772646011844758,0.3694502307522681,0.2877061905399445,0.3309143474817999,0.2353880014765289,0.2427253713650757,0.0705821612594308,0.381763636636199,0.3048548473580723,0.1514967487704369,-0.1413294269192603,-0.0141237320438508,0.0039407668575163,https://img.a.transfermarkt.technology/portrait/header/327251-1657203077.jpg?lm=1,https://www.transfermarkt.co.uk/ridle-baku/profil/spieler/327251
717391,Maksym Melnychenko,2025-01-10,350000.0,19.90965092402464,396.3941999165152,400000.0,1,0.0,0.0,0.0,0.0,90,0,2.97056810403833,1,2.0,2.0,0.0,392222.2222222223,False,False,True,0.0,0.0,0.0,0.0,0.0,0.0,0.0,0.0,0.0,0.0,0.0,0.0,0.0,0.0,0.0,0.0,https://img.a.transfermarkt.technology/portrait/header/717391-1723703708.png?lm=1,https://www.transfermarkt.co.uk/maksym-melnychenko/profil/spieler/717391
224672,Sergio Peña,2025-01-11,350000.0,29.28952772073922,857.8764341039512,3000000.0,1,1.0975609756097562,0.0,0.0,0.0,82,0,2.4640657084188917,1,2.0,2.0,0.0,2023648.0896521253,False,False,True,0.0,0.0,0.0,0.0,0.0,0.0,0.0,0.0,0.0,0.0,0.0,0.0,0.0,0.0,0.0,0.0,https://img.a.transfermarkt.technology/portrait/header/224672-1687729887.jpg?lm=1,https://www.transfermarkt.co.uk/sergio-pena/profil/spieler/224672
565821,Mika Biereth,2025-01-11,13000000.0,21.924709103353862,480.6928692666879,13000000.0,1,1.0843373493975903,0.0,0.0,0.0,166,0,4.465434633812457,1,2.0,4.0,2.0,20761777.62838257,False,False,False,0.0,0.0,0.0,0.0,0.0,0.0,0.0,0.0,0.0,0.0,0.0,0.0,0.0,0.0,0.0,0.0,https://img.a.transfermarkt.technology/portrait/header/565821-1736777758.jpg?lm=1,https://www.transfermarkt.co.uk/mika-biereth/profil/spieler/565821
395237,Maxence Caqueret,2025-01-12,15000000.0,24.908966461327857,620.456610171556,15000000.0,1,0.0,0.0,0.0,0.0,21,0,4.462696783025325,1,4.0,4.5,0.5,5396666.666666667,False,False,True,5.616771097666572,96.0,0.3538574441506045,0.1631486990155964,0.2663977407190921,0.2165703321025319,0.3353514211841611,0.2317839445084869,0.3361466672139144,0.160111981691244,0.2703021964092943,0.2334250495286617,0.0380627250439348,-0.063440746344499,0.0057265416259023,0.01966844219941,https://img.a.transfermarkt.technology/portrait/header/395237-1739281407.jpg?lm=1,https://www.transfermarkt.co.uk/maxence-caqueret/profil/spieler/395237
469976,Christopher Operi,2025-01-13,2500000.0,27.709787816564,767.8323408389987,4000000.0,1,0.0,0.0,0.0,0.0,360,0,2.458590006844627,1,4.0,2.5,-1.5,1655112.1414069606,True,False,False,0.0,0.0,0.0,0.0,0.0,0.0,0.0,0.0,0.0,0.0,0.0,0.0,0.0,0.0,0.0,0.0,https://img.a.transfermarkt.technology/portrait/header/469976-1739884570.JPG?lm=1,https://www.transfermarkt.co.uk/christopher-operi/profil/spieler/469976
517376,Yusuf Sarı,2025-01-13,1000000.0,26.1492128678987,683.781333610679,3800000.0,1,0.0,0.2506963788300835,0.0,0.0,359,0,3.460643394934976,1,2.5,2.5,0.0,1725519.4629563803,False,False,False,0.0,0.0,0.0,0.0,0.0,0.0,0.0,0.0,0.0,0.0,0.0,0.0,0.0,0.0,0.0,0.0,https://img.a.transfermarkt.technology/portrait/header/517376-1739885042.JPG?lm=1,https://www.transfermarkt.co.uk/yusuf-sari/profil/spieler/517376
326029,Donyell Malen,2025-01-14,25000000.0,25.987679671457904,675.3594947063065,28000000.0,1,0.2950819672131147,0.0,0.0,0.0,305,0,0.4928131416837782,1,4.5,5.0,0.5,16629076.459618868,False,False,False,7.346655163176539,561.0,0.1640295976208102,0.1162459047379032,0.4069219183152722,0.3127931582543157,0.2525421762317679,0.2352292796752887,0.1738300123580282,0.1248125639930597,0.3924367151116789,0.3089115463622445,0.1004603293480685,-0.0886264343946087,-0.0554486420509505,0.0436219242296213,https://img.a.transfermarkt.technology/portrait/header/326029-1711746104.jpg?lm=1,https://www.transfermarkt.co.uk/donyell-malen/profil/spieler/326029
877139,Alberto Costa,2025-01-15,13800000.0,21.297741273100616,453.59378333593344,1000000.0,1,0.0,0.6000000000000001,0.0,0.0,450,0,4.454483230663929,1,3.0,4.5,1.5,29375044.403193805,True,False,False,0.0,0.0,0.0,0.0,0.0,0.0,0.0,0.0,0.0,0.0,0.0,0.0,0.0,0.0,0.0,0.0,https://img.a.transfermarkt.technology/portrait/header/877139-1739281459.jpg?lm=1,https://www.transfermarkt.co.uk/alberto-costa/profil/spieler/877139
592975,Woyo Coulibaly,2025-01-15,3000000.0,25.642710472279266,657.5486003651405,2000000.0,1,0.0,0.3585657370517928,0.0,0.0,251,0,4.454483230663929,1,4.5,5.0,0.5,23287609.046601657,True,False,False,0.0,0.0,0.0,0.0,0.0,0.0,0.0,0.0,0.0,0.0,0.0,0.0,0.0,0.0,0.0,0.0,https://img.a.transfermarkt.technology/portrait/header/592975-1725530223.jpg?lm=1,https://www.transfermarkt.co.uk/woyo-coulibaly/profil/spieler/592975
665390,Jaden Philogene,2025-01-15,23700000.0,22.93497604380561,526.0131261299373,15000000.0,1,0.0,0.0,0.0,0.0,134,0,4.454483230663929,1,5.0,5.0,0.0,9883333.333333334,False,False,False,0.0,0.0,0.0,0.0,0.0,0.0,0.0,0.0,0.0,0.0,0.0,0.0,0.0,0.0,0.0,0.0,https://img.a.transfermarkt.technology/portrait/header/665390-1737014900.jpg?lm=1,https://www.transfermarkt.co.uk/jaden-philogene/profil/spieler/665390
841121,John Patrick,2025-01-15,1200000.0,21.31143052703628,454.17707110869367,200000.0,1,0.0,0.0,0.0,0.0,195,0,4.454483230663929,1,2.0,4.0,2.0,4995660.354389023,False,False,True,0.0,0.0,0.0,0.0,0.0,0.0,0.0,0.0,0.0,0.0,0.0,0.0,0.0,0.0,0.0,0.0,https://img.a.transfermarkt.technology/portrait/header/841121-1732137454.jpg?lm=1,https://www.transfermarkt.co.uk/john-patrick/profil/spieler/841121
890385,Sebastian Otoa,2025-01-16,2750000.0,20.67898699520876,427.620503148013,600000.0,1,0.0,0.0,0.0,0.0,123,0,3.45242984257358,1,1.5,4.5,3.0,5961376.559964286,True,False,False,0.0,0.0,0.0,0.0,0.0,0.0,0.0,0.0,0.0,0.0,0.0,0.0,0.0,0.0,0.0,0.0,https://img.a.transfermarkt.technology/portrait/header/890385-1736924404.jpg?lm=1,https://www.transfermarkt.co.uk/sebastian-otoa/profil/spieler/890385
432982,Andreas Skov Olsen,2025-01-17,14000000.0,25.05407255304586,627.7065514932858,16000000.0,1,0.5346534653465347,0.5346534653465347,0.0,0.0,505,0,4.4490075290896645,1,2.5,4.5,2.0,13062097.739288509,False,False,False,5.10594547390058,20.0,0.1237278217222632,0.0862523055658107,0.3680965144459794,0.4219411524330697,0.2416671955734459,0.2397928147379714,0.1133476811237117,0.084949117825588,0.3859436602458657,0.4157665460281131,0.0079475170228539,0.0676166813548018,-0.0889707239662728,0.0134211563482517,https://img.a.transfermarkt.technology/portrait/header/432982-1717097836.jpg?lm=1,https://www.transfermarkt.co.uk/andreas-skov-olsen/profil/spieler/432982
502670,Khvicha Kvaratskhelia,2025-01-17,70000000.0,23.928815879534564,572.5882293966655,85000000.0,1,0.0,0.2735562310030395,0.0,0.0,329,0,4.4490075290896645,1,4.5,4.0,-0.5,44238229.09458976,False,False,False,6.848005274576363,630.0,0.3847795946565115,0.1871244327168155,0.2579724335138399,0.1701165988772125,0.3370791257200195,0.2024262505351384,0.4050872638309934,0.1908483344131429,0.2396934148766044,0.164363032292042,0.0225867916359612,-0.0194404912976631,-0.0099123442424159,0.0067600383893352,https://img.a.transfermarkt.technology/portrait/header/502670-1708553120.jpg?lm=1,https://www.transfermarkt.co.uk/khvicha-kvaratskhelia/profil/spieler/502670
1045187,Igor Krasnopir,2025-01-20,1000000.0,22.138261464750173,490.10262068164246,1000000.0,1,0.2922077922077922,0.0,0.0,0.0,308,0,4.440793976728268,1,2.0,2.0,0.0,348562.5,False,False,False,0.0,0.0,0.0,0.0,0.0,0.0,0.0,0.0,0.0,0.0,0.0,0.0,0.0,0.0,0.0,0.0,https://img.a.transfermarkt.technology/portrait/header/1045187-1723575120.png?lm=1,https://www.transfermarkt.co.uk/igor-krasnopir/profil/spieler/1045187
748939,Oleksiy Sych,2025-01-20,1000000.0,23.805612594113622,566.7071909810211,1000000.0,1,0.0,0.2,0.0,0.0,450,0,3.4414784394250515,1,2.0,2.0,0.0,478850.0,True,False,False,0.0,0.0,0.0,0.0,0.0,0.0,0.0,0.0,0.0,0.0,0.0,0.0,0.0,0.0,0.0,0.0,https://img.a.transfermarkt.technology/portrait/header/748939-1723574459.png?lm=1,https://www.transfermarkt.co.uk/oleksiy-sych/profil/spieler/748939
763079,Abdukodir Khusanov,2025-01-20,40000000.0,20.892539356605067,436.4982007672916,12000000.0,1,0.0,0.0,0.0,0.0,270,0,4.440793976728268,1,4.0,5.0,1.0,50155752.42234802,True,False,False,0.0,0.0,0.0,0.0,0.0,0.0,0.0,0.0,0.0,0.0,0.0,0.0,0.0,0.0,0.0,0.0,https://img.a.transfermarkt.technology/portrait/header/763079-1740493347.jpg?lm=1,https://www.transfermarkt.co.uk/abdukodir-khusanov/profil/spieler/763079
699592,Manu Silva,2025-01-20,12000000.0,23.60848733744011,557.36067436207,3000000.0,1,0.1818181818181818,0.1818181818181818,0.0,0.0,495,0,5.0,1,3.0,3.0,0.0,12145754.405337296,False,False,True,0.0,0.0,0.0,0.0,0.0,0.0,0.0,0.0,0.0,0.0,0.0,0.0,0.0,0.0,0.0,0.0,https://img.a.transfermarkt.technology/portrait/header/699592-1695208205.jpg?lm=1,https://www.transfermarkt.co.uk/manu-silva/profil/spieler/699592
1084714,Robert,2025-01-20,2000000.0,19.772758384668037,390.9619741384601,1500000.0,1,1.255813953488372,0.0,0.0,0.0,215,0,4.944558521560575,1,2.0,1.5,-0.5,2930858.029060153,False,False,False,0.0,0.0,0.0,0.0,0.0,0.0,0.0,0.0,0.0,0.0,0.0,0.0,0.0,0.0,0.0,0.0,https://img.a.transfermarkt.technology/portrait/header/1084714-1697289066.jpg?lm=1,https://www.transfermarkt.co.uk/robert/profil/spieler/1084714
384461,Jakub Moder,2025-01-20,1500000.0,25.790554414784395,665.1526970219549,10000000.0,1,0.0,0.0,0.0,0.0,17,0,3.4414784394250515,1,5.0,3.0,-2.0,4239450.276675443,False,False,True,4.605170185988092,46.0,0.1742709381411774,0.0850222809146149,0.4084727740046954,0.3322179004399463,0.2618775288378783,0.2278446641653388,0.1695354280035249,0.0870784414704224,0.4186431988166368,0.3247202479908081,0.0728748390221208,-0.0451560307344848,-0.0670335809023274,0.0393461379033198,https://img.a.transfermarkt.technology/portrait/header/384461-1716985274.jpg?lm=1,https://www.transfermarkt.co.uk/jakub-moder/profil/spieler/384461
128969,Mathew Ryan,2025-01-21,800000.0,32.78850102669404,1075.0857995775164,2500000.0,1,0.0,0.0,0.0,0.0,90,0,0.4380561259411362,1,4.5,4.0,-0.5,12661129.6875,False,True,False,8.169902647359145,1104.0,0.1143505241160754,0.0964364389871011,0.4169204448384579,0.3722942499180207,0.2037286146117331,0.2315461797311942,0.1150328424550213,0.0921100882134815,0.4292659175006331,0.3635938988090665,0.0231155610138144,-0.0343693207079878,0.0012802626742396,0.0099768424950977,https://img.a.transfermarkt.technology/portrait/header/128969-1668505563.jpg?lm=1,https://www.transfermarkt.co.uk/mathew-ryan/profil/spieler/128969
728924,Lucas Hey,2025-01-21,3000000.0,21.77686516084873,474.2318562337873,4000000.0,1,0.0,0.0,0.0,0.0,180,0,4.438056125941136,1,1.5,2.5,1.0,4065932.916459046,True,False,False,0.0,0.0,0.0,0.0,0.0,0.0,0.0,0.0,0.0,0.0,0.0,0.0,0.0,0.0,0.0,0.0,https://img.a.transfermarkt.technology/portrait/header/728924-1684943150.jpg?lm=1,https://www.transfermarkt.co.uk/lucas-hey/profil/spieler/728924
392710,Lennard Maloney,2025-01-21,500000.0,25.28952772073922,639.5602123380374,5000000.0,1,0.0,0.0,0.0,0.0,229,0,3.4387405886379194,1,4.5,4.5,0.0,4740244.290310331,False,False,True,4.927253685157205,31.0,0.0899740622861541,0.058547528120723,0.5261726657839587,0.3253242882498859,0.170935904599325,0.216933786027698,0.1031869608218049,0.0628686582469723,0.4894312196601397,0.344509818088795,0.0175861262534123,-0.0195739778429304,-0.0006044593058335,0.0025417722194986,https://img.a.transfermarkt.technology/portrait/header/392710-1657874790.jpg?lm=1,https://www.transfermarkt.co.uk/lennard-maloney/profil/spieler/392710
67556,Milan Djuric,2025-01-22,1500000.0,34.672142368240934,1202.157456403568,1500000.0,1,0.2045454545454545,0.0,0.0,0.0,440,0,1.434633812457221,1,4.5,4.5,0.0,7194226.475012697,False,False,False,0.0,0.0,0.0,0.0,0.0,0.0,0.0,0.0,0.0,0.0,0.0,0.0,0.0,0.0,0.0,0.0,https://img.a.transfermarkt.technology/portrait/header/67556-1628670733.jpg?lm=1,https://www.transfermarkt.co.uk/milan-djuric/profil/spieler/67556
417228,Danylo Sikan,2025-01-22,6000000.0,23.770020533880903,565.0138761811197,6000000.0,1,0.3673469387755102,0.3673469387755102,0.0,0.0,245,0,4.435318275154004,1,2.0,2.5,0.5,2534486.751760509,False,False,False,0.0,0.0,0.0,0.0,0.0,0.0,0.0,0.0,0.0,0.0,0.0,0.0,0.0,0.0,0.0,0.0,https://img.a.transfermarkt.technology/portrait/header/417228-1723486871.png?lm=1,https://www.transfermarkt.co.uk/danylo-sikan/profil/spieler/417228
445939,Omar Marmoush,2025-01-23,75000000.0,25.960301163586585,673.937236504115,60000000.0,1,0.7479224376731303,0.4986149584487535,0.0,0.0,722,0,4.432580424366872,1,4.5,5.0,0.5,49749522.3254541,False,False,False,8.251924713801357,2132.0,0.2994616831350152,0.1558120659881416,0.3265900310900414,0.2181352964589293,0.317660857392181,0.2108719885111383,0.2991791890811916,0.1556607293085184,0.3290926281660231,0.2160662320128101,0.0110682332811744,-0.0191554945873536,-0.0075626708209802,0.0156505172853397,https://img.a.transfermarkt.technology/portrait/header/445939-1696508916.jpg?lm=1,https://www.transfermarkt.co.uk/omar-marmoush/profil/spieler/445939
663237,Jacob Ondrejka,2025-01-23,7000000.0,22.392881587953458,501.4411458121049,7000000.0,1,0.0,0.2931596091205212,0.0,0.0,307,0,4.432580424366872,1,2.5,4.5,2.0,6814611.376678517,False,False,False,0.0,0.0,0.0,0.0,0.0,0.0,0.0,0.0,0.0,0.0,0.0,0.0,0.0,0.0,0.0,0.0,https://img.a.transfermarkt.technology/portrait/header/663237-1704451541.jpg?lm=1,https://www.transfermarkt.co.uk/jacob-ondrejka/profil/spieler/663237
557407,Devyne Rensch,2025-01-23,5000000.0,22.015058179329227,484.6627866392506,12000000.0,1,0.0,0.0,0.0,0.0,652,0,4.432580424366872,1,3.0,4.5,1.5,16164894.6874606,True,False,False,0.0,0.0,0.0,0.0,0.0,0.0,0.0,0.0,0.0,0.0,0.0,0.0,0.0,0.0,0.0,0.0,https://img.a.transfermarkt.technology/portrait/header/557407-1683881379.jpg?lm=1,https://www.transfermarkt.co.uk/devyne-rensch/profil/spieler/557407
919262,André Luiz,2025-01-23,2200000.0,22.915811088295687,525.1343978344555,1500000.0,1,0.3964757709251101,0.3964757709251101,0.0,0.0,227,0,0.4928131416837782,1,3.0,3.0,0.0,1033333.3333333334,False,False,False,0.0,0.0,0.0,0.0,0.0,0.0,0.0,0.0,0.0,0.0,0.0,0.0,0.0,0.0,0.0,0.0,https://img.a.transfermarkt.technology/portrait/header/919262-1705778510.jpg?lm=1,https://www.transfermarkt.co.uk/andre-luiz/profil/spieler/919262
452084,Ahmed Kutucu,2025-01-23,5960000.0,24.89801505817933,619.9111538373246,3500000.0,1,0.4100227790432801,0.4100227790432801,0.0,0.0,439,0,3.433264887063655,1,2.5,2.5,0.0,5856816.54222831,False,False,False,0.0,0.0,0.0,0.0,0.0,0.0,0.0,0.0,0.0,0.0,0.0,0.0,0.0,0.0,0.0,0.0,https://img.a.transfermarkt.technology/portrait/header/452084-1730285629.jpg?lm=1,https://www.transfermarkt.co.uk/ahmed-kutucu/profil/spieler/452084
329145,Diego Carlos,2025-01-23,11470000.0,31.860369609856264,1015.0831516766526,11000000.0,1,0.0,0.0,0.0,0.0,450,0,3.433264887063655,1,5.0,2.5,-2.5,5449086.66051088,True,False,False,0.0,0.0,0.0,0.0,0.0,0.0,0.0,0.0,0.0,0.0,0.0,0.0,0.0,0.0,0.0,0.0,https://img.a.transfermarkt.technology/portrait/header/329145-1737106245.jpg?lm=1,https://www.transfermarkt.co.uk/diego-carlos/profil/spieler/329145
623319,Oleksandr Drambayev,2025-01-24,500000.0,23.761806981519506,564.6234710269891,900000.0,1,0.0,0.0,0.0,0.0,270,0,3.430527036276523,1,2.0,2.0,0.0,203750.0,True,False,False,0.0,0.0,0.0,0.0,0.0,0.0,0.0,0.0,0.0,0.0,0.0,0.0,0.0,0.0,0.0,0.0,https://img.a.transfermarkt.technology/portrait/header/623319-1741548305.png?lm=1,https://www.transfermarkt.co.uk/oleksandr-drambayev/profil/spieler/623319
659542,Elye Wahi,2025-01-24,26000000.0,22.06160164271047,486.71426704164537,25000000.0,1,1.3235294117647058,0.0,0.0,0.0,68,0,5.0,1,4.0,4.5,0.5,6747989.15998145,False,False,False,4.927253685157205,90.0,0.2217751384651574,0.1271886895172787,0.357011614054659,0.2940042871628364,0.3046588926109105,0.2518186661944454,0.2390519709443619,0.1450164940571485,0.2784293858627626,0.3374962706073937,0.0263914332579328,-0.0838230866295287,0.0208901559252712,0.0365618530174434,https://img.a.transfermarkt.technology/portrait/header/659542-1736944991.jpg?lm=1,https://www.transfermarkt.co.uk/elye-wahi/profil/spieler/659542
559324,Youri Regeer,2025-01-24,4500000.0,21.437371663244356,459.560903828072,6000000.0,1,0.0,0.0,0.0,0.0,530,0,4.42984257357974,1,3.0,3.0,0.0,12727673.368837966,False,False,True,0.0,0.0,0.0,0.0,0.0,0.0,0.0,0.0,0.0,0.0,0.0,0.0,0.0,0.0,0.0,0.0,https://img.a.transfermarkt.technology/portrait/header/559324-1723819538.jpg?lm=1,https://www.transfermarkt.co.uk/youri-regeer/profil/spieler/559324
957874,Rômulo,2025-01-24,2500000.0,22.9596167008898,527.1439990517778,3700000.0,1,0.6666666666666667,0.3333333333333333,0.0,0.0,540,0,3.430527036276523,1,2.0,2.5,0.5,1331268.7500000002,False,False,False,0.0,0.0,0.0,0.0,0.0,0.0,0.0,0.0,0.0,0.0,0.0,0.0,0.0,0.0,0.0,0.0,https://img.a.transfermarkt.technology/portrait/header/957874-1727796494.jpg?lm=1,https://www.transfermarkt.co.uk/romulo/profil/spieler/957874
889438,Ilya Krupskyi,2025-01-25,1500000.0,20.314852840520192,412.6932459319913,1000000.0,1,0.0,0.0,0.0,0.0,270,0,0.4271047227926078,1,2.0,2.0,0.0,0.0,True,False,False,0.0,0.0,0.0,0.0,0.0,0.0,0.0,0.0,0.0,0.0,0.0,0.0,0.0,0.0,0.0,0.0,https://img.a.transfermarkt.technology/portrait/header/889438-1619895387.png?lm=1,https://www.transfermarkt.co.uk/ilya-krupskyi/profil/spieler/889438
198015,Jefté Betancor,2025-01-27,500000.0,31.561943874058866,996.1563011092418,750000.0,1,0.8152173913043479,0.0,0.0,0.0,552,0,0.4216290212183436,1,2.0,2.0,0.0,1782993.4523715854,False,False,False,0.0,0.0,0.0,0.0,0.0,0.0,0.0,0.0,0.0,0.0,0.0,0.0,0.0,0.0,0.0,0.0,https://img.a.transfermarkt.technology/portrait/header/198015-1730218377.jpg?lm=1,https://www.transfermarkt.co.uk/jefte-betancor/profil/spieler/198015
1121298,Juma Bah,2025-01-27,6000000.0,18.798083504449007,353.36794344023787,1000000.0,1,0.0,0.0,0.0,0.0,409,0,0.4216290212183436,1,5.0,5.0,0.0,50720694.543705866,True,False,False,0.0,0.0,0.0,0.0,0.0,0.0,0.0,0.0,0.0,0.0,0.0,0.0,0.0,0.0,0.0,0.0,https://img.a.transfermarkt.technology/portrait/header/1121298-1732218272.jpg?lm=1,https://www.transfermarkt.co.uk/juma-bah/profil/spieler/1121298
607034,Akor Adams,2025-01-27,5500000.0,24.996577686516083,624.8288960380338,9000000.0,1,0.0,0.3629032258064516,0.0,0.0,248,0,4.421629021218344,1,4.0,5.0,1.0,15531441.157948457,False,False,False,0.0,0.0,0.0,0.0,0.0,0.0,0.0,0.0,0.0,0.0,0.0,0.0,0.0,0.0,0.0,0.0,https://img.a.transfermarkt.technology/portrait/header/607034-1702663135.JPG?lm=1,https://www.transfermarkt.co.uk/akor-adams/profil/spieler/607034
489463,Kyogo Furuhashi,2025-01-27,12000000.0,30.02053388090349,901.2324544944744,14000000.0,1,0.574712643678161,0.1149425287356322,0.0,0.0,783,0,2.4202600958247777,1,2.0,4.0,2.0,14964584.875878908,False,False,False,0.0,0.0,0.0,0.0,0.0,0.0,0.0,0.0,0.0,0.0,0.0,0.0,0.0,0.0,0.0,0.0,https://img.a.transfermarkt.technology/portrait/header/489463-1671709799.jpg?lm=1,https://www.transfermarkt.co.uk/kyogo-furuhashi/profil/spieler/489463
701325,Bruno Onyemaechi,2025-01-27,2500000.0,25.82067077344285,666.7070391905257,3000000.0,1,0.2857142857142857,0.1428571428571428,0.0,0.0,630,0,3.4223134839151266,1,3.0,2.0,-1.0,1715467.4811941336,True,False,False,0.0,0.0,0.0,0.0,0.0,0.0,0.0,0.0,0.0,0.0,0.0,0.0,0.0,0.0,0.0,0.0,https://img.a.transfermarkt.technology/portrait/header/701325-1737995037.png?lm=1,https://www.transfermarkt.co.uk/bruno-onyemaechi/profil/spieler/701325
329812,Jota,2025-01-27,10000000.0,25.831622176591377,667.2727042741675,8000000.0,1,0.0,0.0,0.0,0.0,29,0,5.0,1,4.0,2.0,-2.0,4317727.493620949,False,False,False,0.0,0.0,0.0,0.0,0.0,0.0,0.0,0.0,0.0,0.0,0.0,0.0,0.0,0.0,0.0,0.0,https://img.a.transfermarkt.technology/portrait/header/329812-1688393694.jpg?lm=1,https://www.transfermarkt.co.uk/jota/profil/spieler/329812
1112449,Tiago Gabriel,2025-01-28,1250000.0,20.09034907597536,403.622125994544,400000.0,1,0.1666666666666666,0.0,0.0,0.0,540,0,2.417522245037645,1,3.0,4.5,1.5,3886250.0,True,False,False,0.0,0.0,0.0,0.0,0.0,0.0,0.0,0.0,0.0,0.0,0.0,0.0,0.0,0.0,0.0,0.0,https://img.a.transfermarkt.technology/portrait/header/1112449-1737958874.jpg?lm=1,https://www.transfermarkt.co.uk/tiago-gabriel/profil/spieler/1112449
250591,Arno Verschueren,2025-01-28,450000.0,27.808350444900757,773.304354466412,2000000.0,1,0.1426307448494453,0.1426307448494453,0.0,0.0,631,0,3.4195756331279945,1,3.0,3.0,0.0,2142152.246223439,False,False,True,0.0,0.0,0.0,0.0,0.0,0.0,0.0,0.0,0.0,0.0,0.0,0.0,0.0,0.0,0.0,0.0,https://img.a.transfermarkt.technology/portrait/header/250591-1723810045.jpg?lm=1,https://www.transfermarkt.co.uk/arno-verschueren/profil/spieler/250591
728485,Danilo Veiga,2025-01-28,1000000.0,22.34360027378508,499.23647319468864,1000000.0,1,0.0,0.0,0.0,0.0,522,0,2.417522245037645,1,3.0,4.5,1.5,3359000.0,True,False,False,0.0,0.0,0.0,0.0,0.0,0.0,0.0,0.0,0.0,0.0,0.0,0.0,0.0,0.0,0.0,0.0,https://img.a.transfermarkt.technology/portrait/header/728485-1739282699.jpg?lm=1,https://www.transfermarkt.co.uk/danilo-veiga/profil/spieler/728485
586984,Daniel Oyegoke,2025-01-28,400000.0,22.069815195071868,487.0767427446251,400000.0,1,0.0,0.0,0.0,0.0,648,0,3.4195756331279945,1,2.0,4.5,2.5,3493449.4875962785,True,False,False,0.0,0.0,0.0,0.0,0.0,0.0,0.0,0.0,0.0,0.0,0.0,0.0,0.0,0.0,0.0,0.0,https://img.a.transfermarkt.technology/portrait/header/586984-1669114349.jpg?lm=1,https://www.transfermarkt.co.uk/daniel-oyegoke/profil/spieler/586984
210178,Pablo Marí,2025-01-28,1800000.0,31.4113620807666,986.6736677690216,3500000.0,1,0.0,0.0,0.0,0.0,459,0,2.417522245037645,1,4.5,4.5,0.0,11763703.120583018,True,False,False,0.0,0.0,0.0,0.0,0.0,0.0,0.0,0.0,0.0,0.0,0.0,0.0,0.0,0.0,0.0,0.0,https://img.a.transfermarkt.technology/portrait/header/210178-1739282325.jpg?lm=1,https://www.transfermarkt.co.uk/pablo-mari/profil/spieler/210178
324811,Arnaud Nordin,2025-01-28,1000000.0,26.61738535249829,708.4852030033904,8000000.0,1,0.3370786516853932,0.3370786516853932,0.0,0.0,267,0,3.4195756331279945,1,4.0,4.5,0.5,4547505.913478043,False,False,False,2.3978952727983707,9.0,0.0179801940917968,0.0340652465820312,0.443212890625,0.504736328125,0.012027905516106,0.1782932906784476,0.0197905952874617,0.0358920549203296,0.4486668520537378,0.4956618097002579,-0.0032851325141059,0.0035644531249999,0.0040256076388888,-0.0043190850151909,https://img.a.transfermarkt.technology/portrait/header/324811-1702663034.JPG?lm=1,https://www.transfermarkt.co.uk/arnaud-nordin/profil/spieler/324811
527698,Kike Pérez,2025-01-29,1000000.0,27.956194387405887,781.5488046264244,2800000.0,1,0.3066439522998296,0.0,0.0,0.0,587,0,2.414784394250513,1,5.0,4.5,-0.5,3315250.0,False,False,True,0.0,0.0,0.0,0.0,0.0,0.0,0.0,0.0,0.0,0.0,0.0,0.0,0.0,0.0,0.0,0.0,https://img.a.transfermarkt.technology/portrait/header/527698-1739282423.jpg?lm=1,https://www.transfermarkt.co.uk/kike-perez/profil/spieler/527698
539665,Fredrik Oppegård,2025-01-29,500000.0,22.480492813141684,505.37255712171486,600000.0,1,0.0,0.0,0.0,0.0,110,0,3.4168377823408624,1,3.0,4.0,1.0,525000.0,True,False,False,0.0,0.0,0.0,0.0,0.0,0.0,0.0,0.0,0.0,0.0,0.0,0.0,0.0,0.0,0.0,0.0,https://img.a.transfermarkt.technology/portrait/header/539665-1621853412.jpg?lm=1,https://www.transfermarkt.co.uk/fredrik-oppegard/profil/spieler/539665
566931,Xavi Simons,2025-01-30,50000000.0,21.779603011635867,474.3511073444581,80000000.0,1,0.4534005037783375,0.4534005037783375,0.0,0.0,397,0,2.412046543463381,1,4.0,4.5,0.5,22521499.75669638,False,False,True,7.109879463072272,380.0,0.2827176104192351,0.1489667354405949,0.3567751980373729,0.211549523416739,0.3098647803071732,0.2026848196600141,0.291942460502639,0.1636061557719999,0.3425131793275459,0.2019493809558832,-0.0056627835823981,-0.056323638267893,0.0069200361021753,0.0550896128581303,https://img.a.transfermarkt.technology/portrait/header/566931-1729778226.jpg?lm=1,https://www.transfermarkt.co.uk/xavi-simons/profil/spieler/566931
566615,Mikael Egill Ellertsson,2025-01-30,3500000.0,22.8911704312115,524.0056837107717,2800000.0,1,0.1487603305785124,0.0,0.0,0.0,605,0,0.4134154688569473,1,4.5,4.5,0.0,5827569.203299108,False,False,True,0.0,0.0,0.0,0.0,0.0,0.0,0.0,0.0,0.0,0.0,0.0,0.0,0.0,0.0,0.0,0.0,https://img.a.transfermarkt.technology/portrait/header/566615-1730125923.jpg?lm=1,https://www.transfermarkt.co.uk/mikael-egill-ellertsson/profil/spieler/566615
182688,Manolis Siopis,2025-01-31,800000.0,30.718685831622174,943.6376592219052,2200000.0,1,0.0,0.0,0.0,0.0,14,0,2.409308692676249,1,5.0,2.0,-3.0,3232142.8571428573,False,False,True,0.0,0.0,0.0,0.0,0.0,0.0,0.0,0.0,0.0,0.0,0.0,0.0,0.0,0.0,0.0,0.0,https://img.a.transfermarkt.technology/portrait/header/182688-1717794258.jpg?lm=1,https://www.transfermarkt.co.uk/manolis-siopis/profil/spieler/182688
342967,Niklas Beste,2025-01-31,8000000.0,26.07529089664613,679.9207953447168,14000000.0,1,0.0,0.36,0.0,0.0,250,0,5.0,1,3.0,4.5,1.5,5458591.558109753,False,False,False,0.0,0.0,0.0,0.0,0.0,0.0,0.0,0.0,0.0,0.0,0.0,0.0,0.0,0.0,0.0,0.0,https://img.a.transfermarkt.technology/portrait/header/342967-1690186107.jpg?lm=1,https://www.transfermarkt.co.uk/niklas-beste/profil/spieler/342967
799924,Asker Beck,2025-01-31,150000.0,21.571526351813823,465.3307491469984,350000.0,1,0.5625,0.0,0.0,0.0,160,0,4.410677618069816,1,2.0,1.5,-0.5,279160.0,False,False,True,0.0,0.0,0.0,0.0,0.0,0.0,0.0,0.0,0.0,0.0,0.0,0.0,0.0,0.0,0.0,0.0,https://img.a.transfermarkt.technology/portrait/header/default.jpg?lm=1,https://www.transfermarkt.co.uk/asker-beck/profil/spieler/799924
418659,Amine Gouiri,2025-01-31,19000000.0,24.95824777549624,622.9141320230628,20000000.0,1,0.371900826446281,0.371900826446281,0.0,0.0,242,0,4.410677618069816,1,4.0,4.0,0.0,12007498.737871204,False,False,False,3.8918202981106265,13.0,0.1120208104451497,0.0956382751464843,0.4799474080403645,0.3123270670572917,0.1862356872451058,0.1487703970816115,0.0935145715471968,0.1256779109500547,0.4389745198339904,0.3417768291937964,0.1590081483889849,-0.1699451544345953,-0.0093109913361378,0.0203144366924579,https://img.a.transfermarkt.technology/portrait/header/418659-1649428727.jpg?lm=1,https://www.transfermarkt.co.uk/amine-gouiri/profil/spieler/418659
851551,Ognjen Mimovic,2025-01-31,6700000.0,20.45722108145106,418.49789437536566,4000000.0,1,0.0,0.0,0.0,0.0,255,0,0.4106776180698152,1,2.0,2.5,0.5,5689923.194090445,True,False,False,0.0,0.0,0.0,0.0,0.0,0.0,0.0,0.0,0.0,0.0,0.0,0.0,0.0,0.0,0.0,0.0,https://img.a.transfermarkt.technology/portrait/header/851551-1739819377.png?lm=1,https://www.transfermarkt.co.uk/ognjen-mimovic/profil/spieler/851551
579295,Melker Widell,2025-01-31,3350000.0,22.78713210130048,519.2533894021187,1000000.0,1,0.0,0.0,0.0,0.0,147,0,0.4106776180698152,1,1.5,5.0,3.5,8892407.263132872,False,False,True,0.0,0.0,0.0,0.0,0.0,0.0,0.0,0.0,0.0,0.0,0.0,0.0,0.0,0.0,0.0,0.0,https://img.a.transfermarkt.technology/portrait/header/579295-1704806053.jpg?lm=1,https://www.transfermarkt.co.uk/melker-widell/profil/spieler/579295
374326,Oliver Edvardsen,2025-01-31,3000000.0,25.87268993839836,669.3960846484995,3000000.0,1,0.8093525179856115,0.1618705035971223,0.0,0.0,556,0,3.4113620807665983,1,3.0,3.0,0.0,12422944.725547671,False,False,False,0.0,0.0,0.0,0.0,0.0,0.0,0.0,0.0,0.0,0.0,0.0,0.0,0.0,0.0,0.0,0.0,https://img.a.transfermarkt.technology/portrait/header/374326-1723035430.jpg?lm=1,https://www.transfermarkt.co.uk/oliver-edvardsen/profil/spieler/374326
1054934,Maroan Sannadi,2025-02-01,3000000.0,24.0,576.0,400000.0,1,0.0,0.0,0.0,0.0,19,0,4.407939767282683,0,5.0,5.0,0.0,24018458.86555079,False,False,False,0.0,0.0,0.0,0.0,0.0,0.0,0.0,0.0,0.0,0.0,0.0,0.0,0.0,0.0,0.0,0.0,https://img.a.transfermarkt.technology/portrait/header/1054934-1736857054.jpg?lm=1,https://www.transfermarkt.co.uk/maroan-sannadi/profil/spieler/1054934
539134,Daniel Maldini,2025-02-01,10000000.0,23.310061601642712,543.358971872378,6000000.0,1,0.3643724696356275,0.0,0.0,0.0,494,0,4.407939767282683,0,4.5,4.5,0.0,13633561.299448231,False,False,True,0.0,0.0,0.0,0.0,0.0,0.0,0.0,0.0,0.0,0.0,0.0,0.0,0.0,0.0,0.0,0.0,https://img.a.transfermarkt.technology/portrait/header/539134-1695031448.jpg?lm=1,https://www.transfermarkt.co.uk/daniel-maldini/profil/spieler/539134
589139,Sofus Berger,2025-02-01,300000.0,21.67008898015058,469.59275640764366,350000.0,1,0.8490566037735848,0.0,0.0,0.0,106,0,3.912388774811773,0,1.5,1.5,0.0,275625.0,False,False,True,0.0,0.0,0.0,0.0,0.0,0.0,0.0,0.0,0.0,0.0,0.0,0.0,0.0,0.0,0.0,0.0,https://img.a.transfermarkt.technology/portrait/header/default.jpg?lm=1,https://www.transfermarkt.co.uk/sofus-berger/profil/spieler/589139
649490,Konan N’Dri,2025-02-02,1500000.0,24.268309377138944,588.9508400245301,1500000.0,1,0.173076923076923,0.173076923076923,0.0,0.0,520,0,2.403832991101985,0,2.5,4.5,2.0,2965833.333333333,False,False,False,0.0,0.0,0.0,0.0,0.0,0.0,0.0,0.0,0.0,0.0,0.0,0.0,0.0,0.0,0.0,0.0,https://img.a.transfermarkt.technology/portrait/header/649490-1713338739.png?lm=1,https://www.transfermarkt.co.uk/konan-ndri/profil/spieler/649490
312819,Silvere Ganvoula,2025-02-02,1800000.0,28.5968514715948,817.7799140884537,2000000.0,1,0.0,0.0,0.0,0.0,153,0,1.404517453798768,0,2.0,4.5,2.5,5721788.888888889,False,False,False,0.0,0.0,0.0,0.0,0.0,0.0,0.0,0.0,0.0,0.0,0.0,0.0,0.0,0.0,0.0,0.0,https://img.a.transfermarkt.technology/portrait/header/312819-1657284209.jpg?lm=1,https://www.transfermarkt.co.uk/silvere-ganvoula/profil/spieler/312819
926952,Patrick Dorgu,2025-02-02,30000000.0,20.27104722792608,410.9153557168096,20000000.0,1,0.0,0.125,0.0,0.0,720,0,5.0,0,4.5,5.0,0.5,59499323.30666171,True,False,False,0.0,0.0,0.0,0.0,0.0,0.0,0.0,0.0,0.0,0.0,0.0,0.0,0.0,0.0,0.0,0.0,https://img.a.transfermarkt.technology/portrait/header/926952-1697182638.jpg?lm=1,https://www.transfermarkt.co.uk/patrick-dorgu/profil/spieler/926952
368891,Arthur Theate,2025-02-02,13000000.0,24.692676249144423,609.7282603450611,20000000.0,1,0.0,0.0,0.0,0.0,990,0,4.405201916495551,0,4.0,4.5,0.5,7488451.115366778,True,False,False,4.634728988229636,22.0,0.0868500354243259,0.0536163928462009,0.5262564864813113,0.333317850150314,0.1806631436487821,0.2052026354602514,0.0778018394078156,0.0560082186822824,0.5243057141551144,0.3419289803096721,0.0058665284073501,0.0644223354292,-0.0823159719320966,0.0119797541708444,https://img.a.transfermarkt.technology/portrait/header/368891-1666698276.jpg?lm=1,https://www.transfermarkt.co.uk/arthur-theate/profil/spieler/368891
690799,Anthony Rouault,2025-02-03,13000000.0,23.685147159479808,560.9861959662144,10000000.0,1,0.1176470588235294,0.0,0.0,0.0,765,0,4.402464065708419,0,4.5,4.0,-0.5,14846001.48084375,True,False,False,4.31748811353631,37.0,0.1998414735536317,0.0779472557274071,0.4192424464870143,0.302939543852935,0.3191567503565306,0.243196205303054,0.1871295787224599,0.0857343586212828,0.4214078186798182,0.3056603486817742,-0.0242365244272592,0.0205055443016258,-0.0280355505041174,0.0317345696526604,https://img.a.transfermarkt.technology/portrait/header/690799-1723707069.jpg?lm=1,https://www.transfermarkt.co.uk/anthony-rouault/profil/spieler/690799
179184,Michy Batshuayi,2025-02-03,3000000.0,31.34017796030116,982.2067545833468,7000000.0,1,0.4639175257731959,0.0,1.065795804574468,2.872340425531915,194,1,2.401095140314853,0,2.5,4.5,2.0,7692582.55553838,False,False,False,5.1298987149230735,99.0,0.2097514924548921,0.0793626876104445,0.3962644395374116,0.3146017619541713,0.3067860222066227,0.2382693546518198,0.1923609971247081,0.0807853423134698,0.3866493419024236,0.3401805563674568,0.031543522514134,-0.0076126783957212,-0.0270095772901483,0.0030996617128666,https://img.a.transfermarkt.technology/portrait/header/179184-1738614857.jpg?lm=1,https://www.transfermarkt.co.uk/michy-batshuayi/profil/spieler/179184
519184,Amar Dedic,2025-02-03,1500000.0,22.46406570841889,504.6342481521615,15000000.0,1,0.0,0.3333333333333333,0.0,0.0,270,0,0.4928131416837782,0,2.0,4.0,2.0,12233063.29471407,True,False,False,0.0,0.0,0.0,0.0,0.0,0.0,0.0,0.0,0.0,0.0,0.0,0.0,0.0,0.0,0.0,0.0,https://img.a.transfermarkt.technology/portrait/header/519184-1722523847.png?lm=1,https://www.transfermarkt.co.uk/amar-dedic/profil/spieler/519184
868622,Taichi Fukui,2025-02-03,1600000.0,20.555783709787818,422.5402439235782,1500000.0,1,0.0,0.391304347826087,0.0,0.0,230,0,3.403148528405202,0,2.0,3.0,1.0,0.0,False,False,True,0.0,0.0,0.0,0.0,0.0,0.0,0.0,0.0,0.0,0.0,0.0,0.0,0.0,0.0,0.0,0.0,https://img.a.transfermarkt.technology/portrait/header/868622-1692803071.png?lm=1,https://www.transfermarkt.co.uk/taichi-fukui/profil/spieler/868622
666539,Beni,2025-02-03,3000000.0,22.70773442847365,515.6412028740875,600000.0,1,0.0,0.3061224489795918,0.0,0.0,294,0,4.402464065708419,0,3.0,3.0,0.0,715173.0796875001,False,False,True,0.0,0.0,0.0,0.0,0.0,0.0,0.0,0.0,0.0,0.0,0.0,0.0,0.0,0.0,0.0,0.0,https://img.a.transfermarkt.technology/portrait/header/default.jpg?lm=1,https://www.transfermarkt.co.uk/beni/profil/spieler/666539
982855,Reda Belahyane,2025-02-03,9500000.0,20.67624914442163,427.50727868219616,10000000.0,1,0.0,0.0,0.0,0.0,588,0,4.402464065708419,0,4.5,4.5,0.0,11604349.665410724,False,False,True,0.0,0.0,0.0,0.0,0.0,0.0,0.0,0.0,0.0,0.0,0.0,0.0,0.0,0.0,0.0,0.0,https://img.a.transfermarkt.technology/portrait/header/982855-1674921768.jpg?lm=1,https://www.transfermarkt.co.uk/reda-belahyane/profil/spieler/982855
466805,Nico González,2025-02-03,60000000.0,23.08555783709788,532.9429806499912,18000000.0,1,0.3958944281524927,0.1319648093841642,0.0,0.0,682,0,4.402464065708419,0,3.0,5.0,2.0,49064372.523568615,False,False,True,0.0,0.0,0.0,0.0,0.0,0.0,0.0,0.0,0.0,0.0,0.0,0.0,0.0,0.0,0.0,0.0,https://img.a.transfermarkt.technology/portrait/header/466805-1743669968.jpg?lm=1,https://www.transfermarkt.co.uk/nico-gonzalez/profil/spieler/466805
139396,Bruma,2025-02-03,6500000.0,30.28062970568104,916.916535372573,8000000.0,1,0.4603580562659847,0.2301790281329923,0.0,0.0,782,0,3.403148528405202,0,3.0,3.0,0.0,12139924.229123805,False,False,False,0.0,0.0,0.0,0.0,0.0,0.0,0.0,0.0,0.0,0.0,0.0,0.0,0.0,0.0,0.0,0.0,https://img.a.transfermarkt.technology/portrait/header/139396-1700235976.jpg?lm=1,https://www.transfermarkt.co.uk/bruma/profil/spieler/139396
414908,Marshall Munetsi,2025-02-03,18000000.0,28.618754277891856,819.0330964183535,10000000.0,1,0.1428571428571428,0.2857142857142857,0.0,0.0,630,0,3.403148528405202,0,4.0,5.0,1.0,20329497.2384988,False,False,True,1.6094379124341005,4.0,0.4315319061279297,0.0735797882080078,0.2734298706054687,0.2215538024902343,0.4810698190741903,0.2948981248492986,0.4159228709473281,0.0703590107564065,0.3141587730939645,0.1996466949422601,0.0,0.0,0.0,0.0,https://img.a.transfermarkt.technology/portrait/header/414908-1723836952.png?lm=1,https://www.transfermarkt.co.uk/marshall-munetsi/profil/spieler/414908
659516,Warren Bondo,2025-02-03,10000000.0,21.388090349075977,457.45040878023696,7000000.0,1,0.0,0.0,0.0,0.0,548,0,4.402464065708419,0,4.5,4.5,0.0,18853235.96167944,False,False,True,0.0,0.0,0.0,0.0,0.0,0.0,0.0,0.0,0.0,0.0,0.0,0.0,0.0,0.0,0.0,0.0,https://img.a.transfermarkt.technology/portrait/header/659516-1739281834.jpg?lm=1,https://www.transfermarkt.co.uk/warren-bondo/profil/spieler/659516
862297,Nasser Djiga,2025-02-03,12000000.0,22.220396988364133,493.7460423205018,7000000.0,1,0.3333333333333333,0.3333333333333333,0.0,0.0,270,0,5.0,0,2.0,5.0,3.0,20243219.562998846,True,False,False,2.19722457733622,6.0,0.1910533905029297,0.0426654815673828,0.49505615234375,0.27142333984375,0.1105045281988183,0.2455778965076444,0.2280186981853871,0.0448192019133548,0.5380407716897992,0.189348046439816,0.0596790313720703,0.06939697265625,-0.13250732421875,0.0034770965576171,https://img.a.transfermarkt.technology/portrait/header/862297-1743575220.jpg?lm=1,https://www.transfermarkt.co.uk/nasser-djiga/profil/spieler/862297
1029619,Amando Lapage,2025-02-03,500000.0,20.23819301848049,409.58445665327264,600000.0,1,0.0,0.0,0.0,0.0,90,0,4.402464065708419,0,2.0,2.5,0.5,1235000.0,True,False,False,0.0,0.0,0.0,0.0,0.0,0.0,0.0,0.0,0.0,0.0,0.0,0.0,0.0,0.0,0.0,0.0,https://img.a.transfermarkt.technology/portrait/header/1029619-1660116770.jpg?lm=1,https://www.transfermarkt.co.uk/amando-lapage/profil/spieler/1029619
565406,Kazeem Olaigbe,2025-02-03,5250000.0,22.088980150581797,487.9230440927965,1800000.0,1,0.4736842105263157,0.0,0.0,0.0,380,0,4.402464065708419,0,2.5,4.0,1.5,14775001.423888223,False,False,False,0.0,0.0,0.0,0.0,0.0,0.0,0.0,0.0,0.0,0.0,0.0,0.0,0.0,0.0,0.0,0.0,https://img.a.transfermarkt.technology/portrait/header/565406-1669378008.jpg?lm=1,https://www.transfermarkt.co.uk/kazeem-olaigbe/profil/spieler/565406
535959,Duk,2025-02-03,715000.0,24.966461327857637,623.3241912354107,1200000.0,1,0.3370786516853932,0.1685393258426966,0.0,0.0,534,0,0.4024640657084189,0,2.0,5.0,3.0,2537335.0580729176,False,False,False,0.0,0.0,0.0,0.0,0.0,0.0,0.0,0.0,0.0,0.0,0.0,0.0,0.0,0.0,0.0,0.0,https://img.a.transfermarkt.technology/portrait/header/535959-1681745685.jpg?lm=1,https://www.transfermarkt.co.uk/duktm/profil/spieler/535959
336125,Mërgim Vojvoda,2025-02-03,2500000.0,30.00684462696783,900.4107244669881,3000000.0,1,0.0,0.0,0.0,0.0,394,0,3.403148528405202,0,4.5,4.5,0.0,6768571.428571428,True,False,False,0.0,0.0,0.0,0.0,0.0,0.0,0.0,0.0,0.0,0.0,0.0,0.0,0.0,0.0,0.0,0.0,https://img.a.transfermarkt.technology/portrait/header/336125-1661351703.jpg?lm=1,https://www.transfermarkt.co.uk/mergim-vojvoda/profil/spieler/336125
551505,Mousa Tamari,2025-02-03,8000000.0,27.652292950034223,764.6493053945123,6000000.0,1,0.2861685214626391,0.1430842607313195,0.0,0.0,629,0,3.403148528405202,0,4.0,4.0,0.0,14422223.593373844,False,False,False,0.0,0.0,0.0,0.0,0.0,0.0,0.0,0.0,0.0,0.0,0.0,0.0,0.0,0.0,0.0,0.0,https://img.a.transfermarkt.technology/portrait/header/551505-1702663087.JPG?lm=1,https://www.transfermarkt.co.uk/mousa-tamari/profil/spieler/551505
717585,Mory Gbane,2025-02-03,5000000.0,24.109514031485283,581.2686668343857,2500000.0,1,0.1363636363636363,0.0,0.0,0.0,660,0,4.402464065708419,0,3.0,4.0,1.0,4724541.75764695,False,False,True,0.0,0.0,0.0,0.0,0.0,0.0,0.0,0.0,0.0,0.0,0.0,0.0,0.0,0.0,0.0,0.0,https://img.a.transfermarkt.technology/portrait/header/717585-1710239409.png?lm=1,https://www.transfermarkt.co.uk/mory-gbane/profil/spieler/717585
564530,Jonathan Aegidius,2025-02-03,50000.0,22.78713210130048,519.2533894021187,250000.0,1,0.0,0.0,0.0,0.0,90,0,3.403148528405202,0,1.5,1.5,0.0,350000.0,False,True,False,0.0,0.0,0.0,0.0,0.0,0.0,0.0,0.0,0.0,0.0,0.0,0.0,0.0,0.0,0.0,0.0,https://img.a.transfermarkt.technology/portrait/header/default.jpg?lm=1,https://www.transfermarkt.co.uk/jonathan-aegidius/profil/spieler/564530
552955,Santiago Gimenez,2025-02-03,32000000.0,23.797399041752225,566.3162011523897,37000000.0,1,1.3533834586466165,0.1353383458646616,0.0,0.0,665,0,4.402464065708419,0,3.0,4.5,1.5,18512726.88623023,False,False,False,0.0,0.0,0.0,0.0,0.0,0.0,0.0,0.0,0.0,0.0,0.0,0.0,0.0,0.0,0.0,0.0,https://img.a.transfermarkt.technology/portrait/header/552955-1739903736.jpg?lm=1,https://www.transfermarkt.co.uk/santiago-gimenez/profil/spieler/552955
355369,Jordan,2025-02-03,4500000.0,28.774811772758383,827.9897925576745,3000000.0,1,0.0,0.0,0.0,0.0,343,0,2.401095140314853,0,4.5,4.0,-0.5,4742905.640470487,False,False,False,0.0,0.0,0.0,0.0,0.0,0.0,0.0,0.0,0.0,0.0,0.0,0.0,0.0,0.0,0.0,0.0,https://img.a.transfermarkt.technology/portrait/header/355369-1692707635.jpg?lm=1,https://www.transfermarkt.co.uk/jordan/profil/spieler/355369
485584,Anass Salah-Eddine,2025-02-03,8500000.0,23.04449007529089,531.0485228301806,5000000.0,1,0.0,0.1410658307210031,0.0,0.0,638,0,3.403148528405202,0,3.0,4.5,1.5,15863140.776988693,True,False,False,0.0,0.0,0.0,0.0,0.0,0.0,0.0,0.0,0.0,0.0,0.0,0.0,0.0,0.0,0.0,0.0,https://img.a.transfermarkt.technology/portrait/header/485584-1605639778.jpg?lm=1,https://www.transfermarkt.co.uk/anass-salah-eddine/profil/spieler/485584
289075,Oleksandr Zubkov,2025-02-03,6000000.0,28.503764544832308,812.4645932272393,8000000.0,1,0.0,0.3345724907063196,0.0,0.0,269,0,4.402464065708419,0,2.0,2.5,0.5,2699511.1921528657,False,False,False,0.0,0.0,0.0,0.0,0.0,0.0,0.0,0.0,0.0,0.0,0.0,0.0,0.0,0.0,0.0,0.0,https://img.a.transfermarkt.technology/portrait/header/289075-1723486847.png?lm=1,https://www.transfermarkt.co.uk/oleksandr-zubkov/profil/spieler/289075
523318,Anastasios Douvikas,2025-02-03,13000000.0,25.508555783709788,650.686418170634,5000000.0,1,0.0,0.967741935483871,0.0,0.0,93,0,4.402464065708419,0,5.0,4.5,-0.5,6235000.0,False,False,False,0.0,0.0,0.0,0.0,0.0,0.0,0.0,0.0,0.0,0.0,0.0,0.0,0.0,0.0,0.0,0.0,https://img.a.transfermarkt.technology/portrait/header/523318-1682331342.jpg?lm=1,https://www.transfermarkt.co.uk/anastasios-douvikas/profil/spieler/523318
651005,Cher Ndour,2025-02-03,5000000.0,20.522929500342237,421.1906352760175,4000000.0,1,0.391304347826087,0.0,0.0,0.0,230,0,4.402464065708419,0,4.0,4.5,0.5,11420127.150907742,False,False,True,0.0,0.0,0.0,0.0,0.0,0.0,0.0,0.0,0.0,0.0,0.0,0.0,0.0,0.0,0.0,0.0,https://img.a.transfermarkt.technology/portrait/header/651005-1727356126.png?lm=1,https://www.transfermarkt.co.uk/cher-ndour/profil/spieler/651005
666268,Daniel Fila,2025-02-03,4000000.0,22.455852156057496,504.2652960547121,1200000.0,1,0.0,0.0,0.0,0.0,110,0,4.402464065708419,0,2.0,4.5,2.5,2736437.5,False,False,False,0.0,0.0,0.0,0.0,0.0,0.0,0.0,0.0,0.0,0.0,0.0,0.0,0.0,0.0,0.0,0.0,https://img.a.transfermarkt.technology/portrait/header/666268-1739282166.jpg?lm=1,https://www.transfermarkt.co.uk/daniel-fila/profil/spieler/666268
1010854,Mathis Amougou,2025-02-03,15000000.0,19.04449007529089,362.6926022278534,5000000.0,1,0.0,0.0,0.0,0.0,177,0,5.0,0,4.0,5.0,1.0,47680362.12525526,False,False,True,0.0,0.0,0.0,0.0,0.0,0.0,0.0,0.0,0.0,0.0,0.0,0.0,0.0,0.0,0.0,0.0,https://img.a.transfermarkt.technology/portrait/header/1010854-1727721658.jpg?lm=1,https://www.transfermarkt.co.uk/mathis-amougou/profil/spieler/1010854
372445,Dani Silva,2025-02-03,3500000.0,24.815879534565365,615.8278770740601,1500000.0,1,0.0,0.0,0.0,0.0,65,0,4.402464065708419,0,4.5,1.5,-3.0,2672857.638740584,False,False,True,0.0,0.0,0.0,0.0,0.0,0.0,0.0,0.0,0.0,0.0,0.0,0.0,0.0,0.0,0.0,0.0,https://img.a.transfermarkt.technology/portrait/header/372445-1707150919.jpg?lm=1,https://www.transfermarkt.co.uk/dani-silva/profil/spieler/372445
468309,Lucas Rosa,2025-02-04,3000000.0,24.84052019164956,617.0514433917493,2000000.0,1,0.0,0.1428571428571428,0.0,0.0,630,0,4.399726214921286,0,5.0,3.0,-2.0,12086410.98534954,True,False,False,0.0,0.0,0.0,0.0,0.0,0.0,0.0,0.0,0.0,0.0,0.0,0.0,0.0,0.0,0.0,0.0,https://img.a.transfermarkt.technology/portrait/header/468309-1552229769.jpg?lm=1,https://www.transfermarkt.co.uk/lucas-rosa/profil/spieler/468309
667965,Oussama Targhalline,2025-02-04,450000.0,22.713210130047912,515.8899144117111,3000000.0,1,0.0,0.0,0.0,0.0,330,0,3.40041067761807,0,4.0,3.0,-1.0,4078306.1427533594,False,False,True,0.0,0.0,0.0,0.0,0.0,0.0,0.0,0.0,0.0,0.0,0.0,0.0,0.0,0.0,0.0,0.0,https://img.a.transfermarkt.technology/portrait/header/667965-1741951121.jpg?lm=1,https://www.transfermarkt.co.uk/oussama-targhalline/profil/spieler/667965
474589,Carlos Cuesta,2025-02-05,8000000.0,25.913757700205338,671.5228381449514,5000000.0,1,0.0,0.0,0.0,0.0,387,0,3.397672826830937,0,2.5,2.5,0.0,5861302.779522731,True,False,False,3.80666248977032,10.0,0.0702646428888494,0.0463815168900923,0.4413798939098011,0.441926435990767,0.1767946723134879,0.20230790884555,0.0565885359728629,0.0440096326828337,0.44638121648867,0.4530029925472042,-0.0352686101740056,0.0837910045276988,-0.044416670365767,-0.0039468245072798,https://img.a.transfermarkt.technology/portrait/header/474589-1739272404.jpg?lm=1,https://www.transfermarkt.co.uk/carlos-cuesta/profil/spieler/474589
170934,Mario Lemina,2025-02-05,2500000.0,31.430527036276523,987.8780297781094,9000000.0,1,0.0,0.0,0.0,0.9677419354838708,211,1,1.3963039014373717,0,5.0,2.5,-2.5,5950415.163709284,False,False,True,5.648974238161206,22.0,0.1050328770290415,0.0996915190464195,0.3093816265200557,0.4858849191834143,0.2200397908721059,0.2700069234276442,0.0996133247655198,0.1138355995169363,0.2774493649511735,0.5091045937840983,0.1413594597296587,-0.1112771149122787,-0.1129080958968375,0.0827938880025861,https://img.a.transfermarkt.technology/portrait/header/170934-1667549900.jpg?lm=1,https://www.transfermarkt.co.uk/mario-lemina/profil/spieler/170934
390379,Mustafa Eskihellaç,2025-02-07,403000.0,27.761806981519506,770.7179268791451,1300000.0,1,0.0,0.0,0.0,0.0,694,0,2.390143737166325,0,2.5,2.5,0.0,2849533.410691372,True,False,False,0.0,0.0,0.0,0.0,0.0,0.0,0.0,0.0,0.0,0.0,0.0,0.0,0.0,0.0,0.0,0.0,https://img.a.transfermarkt.technology/portrait/header/390379-1725460041.jpg?lm=1,https://www.transfermarkt.co.uk/mustafa-eskihellac/profil/spieler/390379
354587,Levi García,2025-02-07,18700000.0,27.21697467488022,740.7637104530712,15000000.0,1,0.1973684210526315,0.0,0.0,0.0,456,0,3.3921971252566734,0,2.0,2.5,0.5,6265399.039656251,False,False,False,0.0,0.0,0.0,0.0,0.0,0.0,0.0,0.0,0.0,0.0,0.0,0.0,0.0,0.0,0.0,0.0,https://img.a.transfermarkt.technology/portrait/header/354587-1738939446.png?lm=1,https://www.transfermarkt.co.uk/levi-garcia/profil/spieler/354587
265542,Semih Güler,2025-02-11,1000000.0,30.20123203285421,912.1144163022992,800000.0,1,0.1363636363636363,0.0,0.0,0.0,660,0,2.379192334017796,0,2.5,2.5,0.0,394609.6875,True,False,False,0.0,0.0,0.0,0.0,0.0,0.0,0.0,0.0,0.0,0.0,0.0,0.0,0.0,0.0,0.0,0.0,https://img.a.transfermarkt.technology/portrait/header/265542-1728552899.jpg?lm=1,https://www.transfermarkt.co.uk/semih-guler/profil/spieler/265542
616894,Eren Elmalı,2025-02-11,3500000.0,24.59958932238193,605.1397948298471,4000000.0,1,0.0,0.0,0.0,0.0,525,0,3.381245722108145,0,2.5,2.5,0.0,5812398.557160913,True,False,False,0.0,0.0,0.0,0.0,0.0,0.0,0.0,0.0,0.0,0.0,0.0,0.0,0.0,0.0,0.0,0.0,https://img.a.transfermarkt.technology/portrait/header/616894-1723801363.jpg?lm=1,https://www.transfermarkt.co.uk/eren-elmali/profil/spieler/616894
422203,Umut Güneş,2025-02-11,2000000.0,24.908966461327857,620.456610171556,2300000.0,1,0.0,0.0,0.0,0.0,282,0,3.381245722108145,0,2.5,2.5,0.0,1669710.273498197,False,False,True,0.0,0.0,0.0,0.0,0.0,0.0,0.0,0.0,0.0,0.0,0.0,0.0,0.0,0.0,0.0,0.0,https://img.a.transfermarkt.technology/portrait/header/422203-1739884533.JPG?lm=1,https://www.transfermarkt.co.uk/umut-gunes/profil/spieler/422203
